GRE Score,TOEFL Score,University Rating,SOP,LOR ,CGPA,Research,Chance of Admit 
329,113,3,4.4,3.1,9.24,1,90.10465793492283
307,99,3,4.1,3.1,7.9,1,55.250789016348605
332,110,2,3.9,4.2,8.93,1,85.20468752788324
339,119,4,5.0,5.0,9.64,1,93.62825783424339
323,114,5,4.5,4.8,9.04,1,84.44744201946065
308,106,2,4.8,4.9,8.54,1,74.04110887406473
317,104,2,3.2,2.5,8.24,0,65.41189718098816
299,96,3,3.7,4.2,8.42,0,55.73063272328048
305,98,2,2.1,2.7,7.88,0,50.47064633485914
305,105,3,3.1,1.6,7.88,0,56.213127841895734
337,117,2,2.6,4.2,9.68,1,93.03604247938219
318,112,3,4.6,4.7,8.5,1,86.76160608999075
320,101,3,2.8,4.6,8.65,0,72.10623191629739
326,100,3,2.5,2.0,8.56,1,78.5090432946784
334,109,3,4.2,4.7,9.66,1,91.3177213090029
311,103,2,4.1,4.9,9.37,1,90.39704127128473
333,111,4,1.2,2.5,8.92,1,88.78982604034917
313,107,2,2.9,1.7,8.09,1,49.96467102425564
317,110,5,3.5,3.1,8.66,1,74.07446906546801
337,111,4,4.2,4.8,9.13,1,85.24701773640689
326,115,3,5.0,4.8,9.48,0,95.64095342607351
333,109,3,2.3,2.1,9.11,0,75.77208258246824
303,105,3,4.8,2.1,8.31,0,67.0975356798197
304,104,2,3.8,2.3,8.4,0,56.17865734546367
307,98,5,1.9,2.5,7.58,0,40.91597073308064
340,120,4,5.0,4.4,9.92,1,96.77005277832723
303,101,3,2.4,4.5,7.56,0,60.256785032206295
322,115,3,3.4,4.0,8.85,0,80.43544264665726
316,112,4,3.7,4.2,8.94,0,77.26854211577113
333,115,4,2.8,2.5,9.5,0,82.60689662739418
310,104,3,3.7,2.5,9.01,0,66.41983860096205
320,108,4,2.4,1.7,8.41,1,75.64217697219216
311,104,2,3.8,3.4,7.86,1,59.68383480643644
334,114,3,5.0,3.6,9.29,1,77.50466743112918
324,109,5,4.5,3.9,8.88,1,85.365728021127
305,99,5,4.4,3.8,8.1,0,49.98621153071438
330,114,2,4.4,3.4,9.05,1,82.87430474685196
317,104,3,3.9,2.8,8.38,0,62.0260075359654
325,112,4,2.7,2.6,9.03,1,80.09561032095326
325,108,5,3.0,3.4,8.3,0,67.82801949978973
306,111,5,1.1,2.8,8.13,0,60.97677944998307
296,95,2,1.2,1.7,7.75,0,44.60855943250385
307,102,3,2.4,1.9,7.75,1,54.923659334021806
314,104,2,1.4,2.5,8.85,0,65.55210702020283
310,98,2,1.0,3.1,7.71,0,49.16804952894592
309,104,2,2.1,1.6,7.9,1,53.674590030717305
311,106,2,2.1,3.2,8.27,1,63.87597922576117
297,100,1,1.8,3.3,7.62,0,46.67047349400365
323,110,2,4.2,3.2,8.91,1,83.9090564131316
317,109,5,4.8,3.1,8.8,0,79.50656642018606
317,108,4,2.0,1.6,8.7,1,74.6421838933599
324,110,4,1.8,3.0,9.05,0,80.26809620067537
323,110,2,2.4,3.0,8.19,0,67.08952531963754
337,116,2,4.1,4.3,9.04,1,75.90428375970554
340,120,2,5.0,4.0,9.92,1,97.0
303,100,2,2.0,3.3,7.43,0,37.21052190544232
339,118,3,4.8,4.9,9.45,1,95.49038358378805
332,107,5,1.9,4.9,8.5,1,77.30480462535
340,120,2,5.0,5.0,9.92,1,97.0
330,115,4,4.2,4.6,9.24,1,94.57183983042836
298,102,3,3.3,3.3,8.19,0,54.607042053403454
310,100,5,2.6,1.8,8.1,0,47.02600041576696
327,116,2,4.7,3.5,9.17,1,84.95864070100403
304,94,5,1.0,1.6,7.34,1,47.55557027563741
331,118,3,4.9,4.9,9.41,0,94.58568499438759
313,106,4,2.6,3.9,8.32,0,61.77734223417636
300,105,2,4.8,3.4,8.39,0,62.993285211923634
321,110,2,4.9,3.9,8.61,0,69.35612399137473
336,118,3,5.0,4.7,9.77,1,96.3802428630301
321,107,2,3.3,3.1,8.64,1,69.71199833138277
336,118,4,4.6,4.8,9.56,1,92.78415958736707
304,98,5,4.8,3.6,8.35,1,57.28654338024678
304,105,3,2.4,2.7,8.37,0,52.13167643080026
318,106,3,1.2,2.8,8.61,0,65.88776378905975
326,117,3,3.3,2.5,9.1,1,93.64983080155199
305,97,3,1.6,1.6,7.6,1,43.08546321250221
326,108,3,3.6,3.6,9.37,1,91.33312757131142
308,101,1,1.8,2.1,7.17,0,43.896634145890246
296,100,3,4.9,4.1,8.26,0,60.42172864695824
330,115,4,3.7,4.8,8.98,1,86.75378070736193
321,111,4,3.3,4.0,8.52,0,78.16581471256796
312,111,4,2.4,3.2,8.61,1,69.17700635750636
298,98,5,1.1,2.9,7.51,0,40.32243483550735
321,108,3,2.9,2.1,8.9,1,77.50055810701002
328,109,3,4.3,3.4,8.66,1,72.27643216436395
306,104,3,2.0,2.3,8.3,1,62.00897589813761
332,106,3,3.8,1.9,8.57,0,82.9554626490337
328,111,3,4.7,4.5,8.8,1,81.66946954317176
329,112,2,4.7,4.1,9.53,0,89.83646684508957
313,106,1,1.2,2.6,8.59,0,70.95925309617472
321,108,2,1.5,3.9,8.33,1,82.93846653761328
320,105,1,2.2,2.3,8.58,0,63.035176239424345
314,102,5,2.2,4.0,8.41,1,66.10271025398816
311,98,2,2.2,1.8,8.24,1,46.48897421731322
328,115,3,4.9,3.8,8.95,1,87.26632027004055
292,95,2,3.3,2.5,7.51,0,36.857029985540834
298,99,2,4.0,4.2,7.59,1,61.11743606497379
317,110,2,4.0,4.4,9.51,1,88.09360331494709
315,106,4,4.8,4.9,8.71,1,75.45128362764508
332,114,3,4.4,4.4,8.96,0,85.29970692207478
318,103,3,2.0,3.9,7.65,1,52.24422777662605
307,103,1,2.7,2.1,7.97,1,49.46184852996972
333,116,5,4.7,4.6,9.65,1,96.258205183375
338,119,4,3.9,4.7,9.55,1,93.644775579294
320,110,2,2.3,2.4,8.07,1,67.50825030475058
312,107,2,4.9,4.9,8.97,1,71.71679972131393
298,94,3,2.7,3.3,8.15,0,44.40731626503708
303,104,2,3.9,3.2,8.58,1,74.15581756809237
306,102,1,3.8,3.7,8.52,0,63.92433166021367
316,111,5,1.4,2.5,8.3,1,64.02074083494041
321,112,5,4.5,3.9,9.06,1,82.71779432880226
320,108,3,2.7,4.4,9.42,0,81.71568219390204
296,97,1,1.7,1.4,7.58,0,38.591981550056346
322,105,3,4.1,3.5,8.4,1,74.53748198065091
315,103,5,2.2,3.6,8.72,0,61.31316810494079
339,118,3,4.6,3.4,9.79,1,95.5534973239137
309,103,3,2.5,3.2,7.91,1,54.56583649205251
311,103,3,4.4,3.5,8.38,0,60.83361096642314
314,102,4,2.0,4.5,8.52,1,69.36466679954749
305,98,4,2.4,2.4,8.29,0,60.2934425835891
315,106,4,3.1,2.4,8.46,1,79.54507055929865
309,105,3,3.7,3.0,8.3,0,55.38189117929454
327,112,5,1.7,2.2,9.01,0,89.49862877889846
318,108,3,3.6,3.0,8.57,1,75.76103534480113
303,107,4,3.4,3.2,8.75,0,73.49709315404094
315,101,2,3.1,3.0,8.17,0,58.500330397766476
332,116,1,4.3,4.7,9.34,1,93.87522501724382
330,117,4,5.0,4.2,9.52,0,90.85335110456782
315,104,3,4.5,4.9,8.53,0,74.81921871583438
312,108,3,2.5,3.1,8.52,0,70.40681358172009
332,116,5,2.9,3.7,8.79,1,77.33184526208159
324,116,3,4.9,3.9,8.88,0,76.02170320546313
299,102,3,4.9,3.5,8.71,1,72.63354622516354
320,108,2,4.3,4.8,8.89,0,67.74279582586875
314,99,2,3.2,2.7,8.52,1,69.26460527848661
326,112,2,4.8,4.1,9.03,0,91.62482468693693
331,115,4,4.9,4.9,9.46,0,94.74930564075648
294,101,5,1.1,3.3,7.69,0,56.92821140814834
323,105,3,2.9,1.6,8.26,1,74.74452395878976
317,110,1,3.9,3.7,8.77,0,74.90171021166235
324,112,2,2.9,3.3,9.01,0,92.02450600010734
329,114,3,5.0,5.0,9.21,0,94.31860557765768
323,110,2,3.6,3.3,8.41,0,74.27635891616639
333,113,3,3.4,4.9,9.43,1,88.58609983031795
315,107,5,1.4,2.6,8.65,0,70.040998429932
299,100,4,2.4,3.4,7.73,1,47.78474198955896
313,101,2,2.0,1.9,8.06,1,56.66452353949967
316,107,3,1.9,4.1,8.78,0,73.54942648259215
296,97,3,3.0,3.1,7.96,1,44.42254336336874
335,117,2,3.9,4.8,9.73,1,91.27368333235334
315,112,5,2.6,2.0,8.5,0,80.26825418002647
339,120,4,4.9,5.0,9.91,1,95.53176150034297
310,97,4,3.7,2.5,8.41,0,63.64893810949479
316,100,5,1.3,1.6,7.9,1,65.56480040806005
324,110,5,4.6,4.3,9.23,0,81.62305090222988
324,112,1,3.2,4.2,8.13,1,78.52247676069487
333,113,2,4.5,4.9,9.56,1,94.90675403965534
310,108,2,4.3,3.7,8.33,0,69.01310091010747
323,109,3,4.7,4.5,8.74,0,75.96117981819812
294,97,2,2.4,3.6,7.9,0,50.180741562690116
301,104,1,3.8,2.7,8.03,0,56.550562070376806
313,109,2,3.0,3.4,8.85,1,84.35338187640002
316,107,3,3.3,3.0,8.81,1,69.06972941685947
305,102,2,3.5,3.7,8.15,0,56.57826905019826
305,104,2,3.0,3.1,8.25,0,53.08429359337185
331,112,4,4.7,4.4,9.2,1,90.56620800348874
296,97,3,1.2,1.5,7.41,1,42.80513544948003
293,98,2,1.3,1.8,7.54,0,52.149531375515366
299,99,2,2.5,2.6,7.77,0,48.31748016438573
319,109,2,3.2,4.4,8.84,1,80.19836282333216
312,102,4,2.7,2.9,7.79,1,47.184083243937124
291,101,3,3.7,2.7,7.2,0,47.655993403642924
325,112,3,1.0,2.5,8.76,1,68.62493980402724
326,108,1,4.7,3.7,8.33,0,78.37487708509843
314,96,2,2.0,1.4,7.74,0,48.851071216754335
320,107,2,1.7,2.0,8.13,1,71.94242582972592
323,112,3,4.9,3.7,8.83,1,69.2582070596782
319,107,2,4.9,5.0,9.13,1,89.80990530296695
314,100,3,4.3,4.5,8.18,1,57.355537462642715
306,110,4,3.4,2.5,7.86,1,54.12092574598958
318,116,3,4.9,4.9,9.56,1,92.84704264094302
310,105,3,1.5,2.2,7.92,1,60.72098849347213
327,108,2,4.7,4.6,9.54,0,87.14595505080118
308,103,3,1.2,1.9,7.7,1,67.45761576461942
324,109,4,1.3,3.0,8.91,1,74.10044934308851
324,117,4,4.8,3.0,8.78,0,85.43243112759731
319,108,3,4.6,3.1,8.8,0,89.96976924783294
339,117,4,2.1,2.8,9.38,1,93.81557730625643
299,95,4,3.7,3.7,8.17,0,47.39502310160491
310,99,5,2.4,4.0,7.64,0,52.46858904578009
320,108,5,2.3,4.4,9.13,0,85.62994401758752
313,102,2,2.1,2.1,7.96,1,65.00676765883948
327,109,3,2.8,2.7,9.18,0,83.09308384530357
313,112,4,2.2,3.7,8.62,0,74.96472559607284
301,106,1,4.4,3.5,8.52,0,63.88368001078423
298,97,1,1.8,1.9,7.68,0,56.36481695779694
317,109,3,5.0,4.7,8.95,0,83.06961405805508
326,107,1,4.9,5.0,8.87,1,79.65810777069416
311,100,4,1.8,4.2,8.01,1,43.59072950662458
305,105,4,1.1,1.7,8.0,1,50.47526498001462
303,99,1,2.9,1.6,7.42,0,55.24671156365472
303,101,3,2.7,1.9,7.77,1,41.48457422316827
311,101,3,2.5,2.3,8.3,0,57.29338951870681
306,105,3,4.5,1.8,7.85,1,57.952923114558445
319,110,2,2.9,4.8,8.8,1,82.04399641356144
315,104,5,3.3,3.7,8.24,1,70.81471056614329
320,107,2,4.9,3.7,9.01,0,83.9802118985404
293,99,2,2.6,4.0,8.34,0,68.54823709174373
317,117,2,4.8,4.4,9.12,1,86.24931533275688
325,113,3,4.0,3.1,9.03,0,83.52061193867335
320,113,5,1.5,1.8,8.1,0,60.530997374242794
309,111,2,4.7,2.5,8.39,1,70.17386743956018
319,113,4,3.2,4.5,8.71,1,79.45495309179006
324,107,2,1.5,2.2,8.17,0,61.44903125265229
304,104,3,2.8,1.9,7.95,1,53.45703609425531
309,105,5,4.1,4.9,8.65,0,67.12249252994849
298,95,1,1.8,4.0,7.51,0,56.50586823089148
308,102,2,1.3,3.4,8.24,0,50.47768696989027
319,110,4,2.2,3.0,9.07,0,76.14376502125697
340,119,3,2.9,3.6,9.72,1,96.6120699728628
303,104,4,2.7,3.3,8.32,0,58.934059386419236
317,107,2,4.0,3.1,8.25,1,69.41169396075952
313,106,2,1.0,2.2,8.32,0,63.052059669475284
319,108,3,3.5,3.8,8.53,1,72.25505616192163
297,107,3,4.8,3.8,8.65,0,61.04967700766755
314,117,1,3.5,4.0,8.59,1,79.71900877218316
314,106,2,3.9,3.2,8.55,0,69.5583841851597
327,115,3,3.3,2.2,9.16,0,80.72538308195598
325,109,3,2.7,3.3,8.76,1,65.76114976958333
292,98,2,2.6,3.9,7.35,0,40.710143136515356
307,103,3,4.8,4.9,8.15,0,62.6764114006218
296,99,5,4.2,2.0,7.86,0,47.19718287673368
322,108,5,3.3,2.3,8.97,1,71.73259337333825
329,109,3,3.8,3.1,8.79,1,74.16432052252152
331,113,4,3.4,4.9,9.3,1,83.23080672135005
302,101,3,3.5,2.5,7.59,1,46.944661851251624
311,103,2,4.7,4.6,8.35,1,83.0209220208654
318,111,2,3.6,4.5,8.78,1,71.7963018393215
310,103,3,3.6,2.1,7.89,0,48.63206621478115
312,106,3,1.3,2.1,8.61,1,67.38822622680429
306,103,2,4.4,4.5,8.37,1,64.82143716543085
332,111,4,3.2,2.4,8.84,1,86.39527270328576
320,116,4,3.9,4.7,9.1,1,88.28530875164536
313,105,3,3.9,3.0,8.38,0,69.84355853951105
293,98,2,1.0,1.4,7.31,0,44.327297097296544
319,106,1,2.2,3.7,8.27,0,72.67334819346651
309,103,1,2.6,1.8,7.73,0,68.3372430794315
323,108,2,4.1,4.0,8.5,1,77.8489155998248
331,116,4,4.2,4.9,9.71,0,87.48424686078125
323,113,1,4.1,4.1,8.94,0,86.99341108489448
312,105,3,2.2,1.7,7.8,0,51.92831184334946
308,99,1,2.1,1.9,8.29,1,71.19165465117221
318,109,5,4.8,3.3,8.86,1,72.89190307933583
329,108,5,1.2,2.1,8.5,1,75.9515534167101
301,99,1,2.6,3.1,8.18,1,60.77607772433443
302,96,1,1.6,2.5,7.96,1,54.7646365223721
316,105,3,1.5,2.6,8.18,1,67.20368216048382
326,111,5,3.8,2.4,9.29,1,90.07625749624388
302,105,5,2.7,4.3,8.52,0,65.23532112408937
314,105,4,4.9,4.9,9.01,1,74.25245232406948
321,103,3,3.2,3.2,8.41,0,79.70358729233284
308,102,4,2.2,3.3,7.8,1,54.57588619259805
295,99,3,1.4,3.9,7.69,0,72.92642121048938
305,110,2,2.5,1.5,8.64,1,71.04283943811689
332,117,3,3.7,4.4,9.31,0,89.87216596963049
331,118,2,4.6,4.9,9.24,1,91.90566124046563
328,116,5,4.7,4.4,8.6,1,89.8705072354489
311,111,4,2.5,3.9,8.75,1,65.32070157711044
324,115,1,4.9,3.9,9.13,1,86.93221027417394
308,103,2,3.2,4.4,8.59,1,72.88810827038047
322,104,4,3.7,4.1,8.86,1,78.34412327053946
311,106,5,3.5,2.9,8.05,0,63.593531621128434
339,120,5,4.8,4.9,9.52,1,90.42762358780597
331,113,3,3.6,4.1,9.11,1,84.85336696439603
318,110,3,2.8,3.9,8.59,1,77.85697001554674
318,109,4,2.5,1.6,8.17,0,65.94604058048861
298,97,5,2.4,1.4,7.46,0,47.96255387692608
305,108,2,4.8,3.6,8.3,0,79.10006175728671
304,106,2,3.9,3.5,8.53,1,76.71838143519544
338,119,5,4.5,4.9,9.69,0,95.63859675721737
326,104,2,2.1,2.5,8.43,1,62.80172259439054
325,109,3,2.4,2.5,8.96,0,83.80675869378594
313,107,4,3.0,2.6,8.7,1,71.82188646755253
300,105,2,2.8,1.7,8.68,0,68.07218779732521
304,97,2,3.0,2.7,7.54,1,50.99213967736578
299,95,2,1.2,1.6,7.89,0,54.750718891204855
320,114,2,4.7,4.0,9.25,1,88.5795133714029
308,96,1,2.6,3.7,7.87,0,52.42741709491196
311,103,5,3.7,4.5,8.7,0,82.05201873322912
324,119,4,4.7,3.1,9.19,0,89.23361429920269
317,107,3,3.2,2.7,8.92,1,79.57788742944003
305,100,2,3.0,2.0,8.65,0,70.711479999776
307,99,1,4.7,3.3,7.79,0,55.49163814706803
311,111,3,3.0,4.1,8.65,0,66.96497656569376
326,115,2,4.7,4.5,8.94,0,80.09978938623625
327,106,1,4.5,4.4,8.64,1,85.36608760916644
325,109,3,4.5,3.0,8.85,0,75.2870262468748
324,112,3,3.4,3.2,9.01,1,82.23979383586548
319,107,2,4.8,4.1,8.97,1,75.37982528310303
305,100,3,2.0,1.4,8.03,0,48.90989510851479
310,105,4,1.5,2.2,8.33,0,68.19420443116128
304,101,5,1.8,3.3,8.32,1,71.95460982455141
304,109,1,4.1,2.7,8.36,0,71.32384717759217
316,111,1,4.6,4.6,8.57,0,81.79419512277039
331,114,3,3.8,3.1,9.29,1,90.63828443765073
298,99,2,3.7,3.5,7.26,0,40.242532962923114
320,107,3,2.1,4.3,8.41,1,80.21561469141595
332,114,2,4.0,4.6,9.1,1,71.44832452033583
324,113,2,3.0,2.7,8.67,0,66.60261520530155
326,110,3,2.5,4.4,9.22,1,83.6314592165405
311,102,2,1.5,4.1,8.3,1,79.26821676551471
321,112,4,3.8,3.7,8.94,0,85.56327303072321
315,107,1,4.2,4.1,8.33,0,74.96974806896435
314,104,3,2.6,4.0,8.25,1,52.04351733377665
321,108,3,3.6,3.9,8.31,1,69.06193037173436
322,110,3,2.2,4.6,8.8,1,84.21820567256994
307,109,2,2.8,2.8,8.54,1,79.30727252800901
331,116,4,3.6,3.9,9.36,1,85.5525077376961
314,108,2,2.5,1.9,8.18,1,64.23177896580317
317,106,2,4.1,3.0,9.03,1,81.1859259922003
331,113,5,4.5,2.1,9.05,1,87.66066544708475
333,115,4,4.1,4.6,9.42,1,90.25687614278553
329,116,5,4.8,5.0,9.32,0,91.47786512477302
336,119,5,2.2,4.1,9.38,0,93.35012102644826
316,115,4,3.2,2.5,8.83,1,71.73762474885862
302,96,3,1.9,3.8,7.54,1,49.245943983025455
321,106,3,1.3,1.4,8.26,1,70.30385975107366
299,96,1,1.7,1.7,7.89,0,40.24536670353093
322,109,5,4.4,3.9,8.44,0,72.92610343184774
319,101,3,2.7,4.8,8.84,1,72.88563416680628
314,104,3,1.0,1.5,7.9,0,63.52301051488399
298,101,5,1.7,3.6,7.83,0,57.16157738319146
320,103,5,3.7,4.1,8.13,1,66.47227194750516
320,108,3,3.0,3.0,9.14,0,86.57528179204853
312,108,3,3.7,4.7,8.43,1,77.83940013724873
312,107,2,3.3,3.2,8.63,0,75.7429411565874
315,104,2,2.8,4.5,8.62,0,72.72436358959938
315,105,2,4.6,3.9,8.86,1,75.00197528719674
302,99,2,3.3,2.0,8.12,1,61.39670212073621
321,109,3,3.5,4.0,9.24,1,88.03739738803046
322,112,4,2.7,4.3,9.03,1,84.63599352608959
319,113,4,4.4,5.0,9.37,1,91.68840616187133
295,99,2,2.0,3.6,7.52,0,41.942845572298125
323,113,3,4.7,4.8,9.19,1,94.07160352689162
304,105,2,3.3,1.4,8.0,0,48.58872793675327
313,105,5,2.2,2.9,8.64,0,74.04283988782626
315,103,3,3.9,4.2,8.55,1,76.9891605308783
319,105,4,3.5,3.9,9.04,1,82.17629184599812
299,104,2,3.7,2.1,7.73,1,68.31041613085033
314,111,3,2.1,1.8,8.54,1,64.92777879636121
311,109,5,2.5,2.3,9.01,1,73.65207898462015
323,119,4,2.6,4.4,8.89,1,85.78237837385231
324,113,4,4.9,4.0,8.44,1,78.36834465872249
304,101,1,1.5,3.1,8.41,0,59.39032414806384
326,108,5,1.4,1.7,8.48,1,70.7291994033091
323,107,2,4.3,2.6,8.74,1,60.27962414440379
314,100,3,3.6,3.1,8.3,0,52.48230991810281
325,105,5,4.6,4.3,8.47,1,81.18107799182509
298,101,4,1.4,1.8,8.08,0,63.172078930843966
339,116,2,4.4,3.9,9.42,1,90.62536515757866
298,97,2,2.5,4.0,7.71,1,56.283008196176226
310,110,5,3.3,3.0,8.39,0,75.0100594117997
312,111,3,4.2,2.0,9.18,0,83.53768639357216
296,102,4,3.7,3.1,7.71,0,55.36574211369491
328,109,2,4.1,4.1,9.27,1,83.6409446974379
312,104,2,1.4,2.4,8.21,1,68.97909106998418
325,103,1,3.5,3.8,8.77,1,89.7442155844873
322,114,3,5.0,4.9,8.71,1,78.93485106620696
324,111,2,2.3,2.6,8.36,1,68.11245337405677
324,111,2,4.7,4.7,8.97,1,82.24943363672796
310,100,3,2.4,1.8,8.28,1,66.61555695542658
322,104,1,2.1,4.4,8.42,1,72.25474477388268
321,112,4,4.0,2.7,9.19,1,91.49834678021082
329,107,3,4.7,4.8,9.35,1,72.70452263125426
313,99,5,4.5,4.8,8.14,0,65.94090893207684
324,109,4,4.5,2.9,8.53,1,77.38052755954568
328,107,1,3.7,2.3,8.46,1,76.04259767996052
322,111,5,4.3,2.6,8.33,1,72.22384656359853
296,103,2,2.3,2.7,8.22,1,58.58295255927339
302,98,2,4.7,3.4,8.27,0,69.31745453742188
309,104,2,4.6,4.2,8.22,1,68.32759569526117
332,110,2,4.8,3.8,8.98,1,85.39266749684873
323,105,4,3.4,2.0,8.41,0,64.74304877985821
320,102,3,1.1,2.9,8.54,1,67.46857937939578
302,98,2,1.4,2.0,7.9,0,58.7339721746015
340,120,3,4.9,4.7,9.51,1,92.58736876856372
329,114,4,1.9,4.0,9.03,1,78.94266461838704
303,100,4,1.0,1.4,7.77,0,38.767641860953056
323,104,5,4.2,3.9,8.62,0,80.01629814537984
326,113,3,4.3,4.3,8.86,0,76.31809084889345
308,105,3,4.0,4.5,7.65,0,45.34838737849833
321,107,5,4.0,3.4,8.78,0,76.50669163960819
295,95,3,2.2,3.0,7.62,1,43.048625683450204
314,112,2,3.9,4.6,8.9,1,77.92068854281574
331,110,4,3.9,3.9,9.51,1,90.71903160916015
328,116,3,3.3,4.2,9.68,0,90.41717025952985
303,103,4,4.3,4.7,8.33,0,51.220799110918655
305,100,2,2.2,1.9,8.38,0,50.219035243238515
310,104,2,2.6,3.7,8.14,0,67.40906682808188
304,105,1,4.1,4.6,7.89,1,63.701311661747866
333,113,3,4.1,3.6,9.23,1,88.78231789429059
316,108,3,1.1,3.5,8.7,1,77.26884074060129
302,101,4,1.4,2.3,7.38,0,45.56917366377521
317,106,3,4.4,4.9,8.68,1,68.12094594667633
311,105,3,3.8,2.6,8.33,0,62.20264601814225
319,99,5,3.9,4.9,8.28,1,81.79317488415919
312,104,4,1.4,3.2,8.3,0,65.13371081237753
326,109,2,3.1,3.3,8.77,1,85.69528143851383
326,113,2,3.4,3.7,9.16,1,84.6259911391722
323,113,2,4.0,4.0,8.53,1,77.13149102132526
337,115,2,4.9,4.1,9.66,1,95.44921975694155
322,110,3,4.3,5.0,8.92,0,74.95584750267481
310,100,5,3.2,2.8,7.59,1,55.85611883918726
296,99,5,1.5,1.9,8.1,0,53.380707355605836
315,103,5,4.6,3.8,8.7,0,73.36219981940052
333,115,3,4.0,3.8,9.35,1,90.77192135717436
309,111,1,2.8,4.9,8.46,0,82.11032174823367
321,108,4,4.8,1.8,8.75,0,75.09465240183786
291,96,4,3.9,2.8,7.3,0,37.07237359999836
328,116,3,4.8,4.6,9.49,0,90.0339715494589
317,107,3,4.3,4.9,8.78,0,75.11807565678467
316,106,5,3.2,3.5,8.22,0,70.8652488320486
332,118,2,4.6,3.5,9.36,0,90.81093271891609
321,111,5,3.1,3.2,9.15,1,85.57500658495871
335,115,3,4.0,3.8,9.26,1,82.13441801536798
338,116,2,4.6,4.8,9.81,0,95.257977121526
325,115,2,4.0,2.5,8.7,0,80.25919030464541
307,103,2,1.9,4.5,7.99,0,68.95368791881783
329,114,2,4.9,5.0,9.49,1,94.80553426379102
323,101,1,4.7,3.0,8.12,0,67.1958639567378
331,112,2,4.8,4.9,9.44,1,95.19178315625149
303,103,2,1.8,3.6,8.12,0,68.12816798741954
306,111,3,4.5,3.8,9.03,0,76.33292612486625
300,98,3,3.0,2.9,7.74,1,65.65221423244937
328,111,3,4.6,3.8,9.31,1,72.95346130923282
312,107,4,4.7,5.0,9.01,0,83.6868911002001
301,103,5,1.9,1.9,7.96,1,49.71723587386443
308,105,3,1.3,2.2,8.51,1,56.516009359516474
309,113,4,4.8,4.5,8.95,1,82.21747764328411
297,99,5,3.7,3.2,7.61,0,48.77831787190188
331,108,1,2.8,3.6,8.73,1,86.85159403051506
329,105,5,1.8,2.9,8.52,1,77.22170698135702
333,118,1,4.7,4.5,9.03,1,91.47446563397996
304,100,3,5.0,4.6,8.12,1,57.19004944739314
316,105,4,2.6,4.1,8.94,1,82.34073776069847
310,105,4,1.1,3.1,8.02,1,68.0259287983197
315,107,2,2.4,3.6,9.12,0,72.51706837078854
307,98,1,3.5,2.7,8.09,1,62.300725061766286
321,111,3,3.7,4.0,8.68,0,81.98394715470356
310,105,3,2.8,3.8,8.71,1,79.70023059509202
330,110,4,4.7,5.0,8.85,1,88.80351328485355
314,103,3,1.9,3.9,8.5,1,62.19360418820611
321,107,3,4.9,3.8,8.86,1,79.62561812807435
302,98,1,1.6,3.0,7.53,0,42.98213784691053
297,97,5,1.9,1.7,7.38,0,47.1518043420008
296,97,3,2.8,1.8,7.48,1,56.892376158861694
314,106,3,3.0,1.6,8.03,0,58.71103612277468
298,105,3,1.9,3.0,8.29,0,56.05511254681352
304,99,2,3.8,4.1,7.74,0,45.97745078190172
323,110,2,4.1,4.3,9.18,1,87.84665139883087
299,99,3,3.3,4.3,7.65,0,41.97784738324399
322,107,5,4.6,4.3,8.91,1,74.05716464039949
305,104,3,1.5,4.3,8.3,1,64.11516326547152
339,119,4,4.9,3.9,9.34,0,86.94976399827767
324,114,2,4.9,3.9,9.06,1,77.39614335203467
327,112,3,4.2,4.3,9.43,0,88.13196199437276
322,109,3,4.4,3.1,8.87,0,72.00003181722377
308,109,2,2.4,4.0,8.31,0,74.81791484266331
330,119,3,4.2,4.7,9.3,1,88.26876084663576
309,105,5,5.0,4.3,8.59,1,81.71554236697989
324,107,3,3.2,1.7,8.71,0,76.42810057012328
310,108,5,3.4,3.0,8.17,0,70.49266396813034
317,101,5,3.5,4.7,8.84,1,81.10715754119063
308,99,3,3.5,4.1,8.33,1,60.70056558201817
306,98,2,2.3,1.4,7.33,0,37.653427148572355
305,98,1,2.9,2.8,8.32,0,70.0035653247169
317,105,2,3.8,3.9,8.45,1,68.99129119126364
322,112,3,4.3,4.6,8.81,0,90.31459751045438
328,112,3,1.0,2.4,8.81,1,74.22509903645265
318,102,3,4.7,2.1,8.48,1,81.13663949619165
310,99,2,1.6,1.5,7.72,0,50.02442489480811
296,96,1,2.2,4.6,7.44,0,54.290484099805404
315,102,3,2.4,1.4,8.43,0,59.75626803542496
326,109,4,2.2,2.6,8.95,1,69.42852306042894
318,110,4,2.7,2.1,8.55,1,70.38287954370021
304,103,2,2.5,3.5,8.39,0,66.88240173191001
310,107,3,1.7,2.6,8.54,0,62.1260762445681
297,98,2,4.0,3.6,7.75,1,51.624601727598574
301,98,2,1.4,1.5,7.79,0,54.42701792605551
305,109,5,2.1,1.7,8.12,0,61.2109712667981
311,102,3,3.8,4.4,8.38,1,57.95998703671608
320,110,4,2.0,1.9,9.01,1,81.12926529777938
308,101,5,2.1,1.5,7.69,0,51.861071710301495
307,101,3,4.4,3.8,8.16,1,69.6566265491945
322,108,3,3.8,4.5,8.66,0,70.44327372804977
322,108,4,4.9,3.1,9.23,1,79.68699960665616
320,105,2,3.1,4.0,8.64,0,51.48830446517265
340,120,2,5.0,4.9,9.4,1,91.33555535607435
329,120,2,4.4,4.9,9.19,1,85.63341325939066
310,101,3,1.0,2.8,8.65,1,69.08233099433566
329,114,2,3.3,3.6,8.55,1,84.8331937168906
328,107,5,4.1,3.0,8.81,0,85.3810486504358
318,108,3,3.6,3.4,8.66,0,77.39956553342758
305,100,2,1.0,2.2,7.92,0,47.87320412017139
319,105,5,3.6,2.9,8.34,1,73.22276136951052
339,120,5,5.0,5.0,9.84,1,95.84403139225537
304,110,5,1.9,3.5,8.57,0,65.37715746370137
324,106,2,4.8,3.8,8.78,1,68.75712747110717
298,95,2,1.0,1.5,7.3,1,42.814879883352646
320,106,3,4.9,4.9,8.84,1,85.172617025142
326,109,1,4.4,3.6,9.01,1,91.62865152804795
328,113,3,4.8,4.4,8.98,0,81.41438835175272
307,106,2,4.1,2.2,8.17,1,69.40895419715837
322,113,3,2.9,4.5,9.13,1,84.72715465268287
309,100,3,3.2,1.8,8.21,0,57.19113892557962
332,118,2,4.7,4.7,9.21,1,94.34060355774672
331,112,3,2.7,3.8,8.75,1,83.76158138559418
316,110,5,2.8,3.9,9.02,1,77.16055631901239
302,105,5,3.2,2.4,8.01,0,46.21832879192426
303,105,5,2.0,3.6,8.64,0,76.1962361598748
327,112,3,5.0,4.5,8.67,1,88.19988425292243
302,101,2,2.7,1.8,8.39,1,64.31679234080275
310,107,1,4.3,2.5,8.83,0,71.64041831890474
311,102,3,4.5,3.8,8.8,1,77.93423092013735
310,101,4,2.6,4.4,8.18,0,62.46061762501202
332,116,3,4.0,3.5,8.97,0,81.73093876309031
316,109,2,4.9,4.7,9.36,1,88.88211211329181
305,102,1,3.1,4.1,8.26,1,65.38608727252095
308,102,5,3.5,3.2,8.14,0,59.11222596140883
334,118,2,4.1,4.6,9.42,0,92.13182099675042
310,100,1,3.8,4.8,8.68,1,71.90352977721881
333,110,5,3.4,4.5,8.85,0,87.57974209287909
305,102,1,3.7,2.3,8.27,1,62.52110506714739
299,101,2,2.0,1.4,7.37,0,46.565793432003964
311,100,4,2.0,2.1,7.93,0,65.18285423703898
329,114,3,4.8,4.7,9.14,0,88.03425206164363
324,106,2,2.6,3.5,9.15,1,80.8010115910899
308,107,2,1.3,2.1,8.18,1,59.25993600616434
310,108,4,2.5,3.9,8.47,1,66.04258431284264
307,109,2,2.4,2.8,8.18,1,67.3579350245951
332,118,2,4.7,4.4,9.33,1,93.41542039220673
312,102,4,1.2,2.1,9.02,0,62.0136314542019
319,110,2,4.0,3.6,8.83,0,71.47118306173084
299,102,2,3.7,4.8,7.85,0,61.687281882517325
333,113,2,4.6,4.9,9.34,1,93.49573376870254
305,101,2,3.8,3.4,8.43,0,65.99313972550773
314,102,1,4.2,4.7,9.1,1,75.16771014523698
311,100,5,3.7,2.5,8.29,1,72.4374046043505
322,105,5,3.6,2.8,8.89,1,83.23092724544365
307,101,1,3.5,2.8,8.24,0,56.9355344140597
315,102,5,3.4,4.5,8.64,1,66.24249141300615
320,106,2,1.7,3.1,8.68,1,74.22449185969747
307,106,2,2.5,2.6,8.18,0,70.30557079448818
321,115,4,4.1,3.1,9.44,0,87.77052666749023
310,105,2,4.9,3.8,8.35,0,73.63496034539108
331,118,3,4.9,4.8,9.37,1,89.15026179293815
331,112,5,5.0,5.0,9.69,1,94.993416848334
336,116,2,5.0,4.9,9.79,1,94.65208916442873
321,110,3,4.0,3.8,9.1,1,74.6921139582355
303,104,2,4.9,4.2,8.69,1,74.37189144580927
329,112,2,2.7,2.7,9.16,1,87.02361963362058
303,100,5,4.4,3.3,8.22,0,55.28707290870212
322,107,2,5.0,3.7,8.92,0,76.77110042470206
328,115,3,4.9,4.9,9.71,1,93.19834291009136
314,111,4,1.0,1.4,8.14,0,58.229957146139036
336,116,2,2.3,3.6,9.2,1,86.43897513872105
301,95,5,1.8,1.6,7.77,1,53.29983756437019
300,100,2,3.4,4.1,7.68,0,51.036828268994
295,96,3,2.8,2.2,7.67,0,46.649185069895786
336,119,3,5.0,4.9,9.67,1,95.71370130551617
302,104,3,2.9,1.8,8.17,0,70.05120552070116
336,115,3,3.9,3.4,9.35,1,89.00342543131383
306,106,4,3.4,4.4,8.58,1,78.16182264217868
332,118,4,3.9,4.3,9.26,1,89.1263566224925
330,116,4,3.0,4.1,9.35,1,86.4923612149559
328,105,1,3.1,2.9,8.14,1,70.02602514486063
294,100,2,1.2,1.7,7.36,0,47.96966501996755
313,107,3,3.6,2.0,8.47,0,70.79690056052203
320,112,3,1.4,1.9,8.86,0,80.64187771168159
320,112,4,4.3,3.8,8.97,1,84.14438365468463
301,103,3,2.5,2.8,7.78,0,56.78118358459839
310,112,4,2.7,1.5,8.49,1,56.01504607404324
320,115,3,4.7,3.8,8.94,1,86.5726813824824
319,109,3,3.7,4.0,8.55,1,70.05345180437624
318,102,1,3.9,4.6,8.77,0,82.48041319308165
332,111,5,4.1,4.8,9.18,1,90.7946934575919
308,102,5,3.3,2.6,8.44,1,58.89830994873731
305,104,1,2.1,3.5,8.51,0,56.38388946819058
302,101,2,2.6,1.5,8.09,0,51.05796861894734
332,118,3,5.0,5.0,9.64,1,90.3946893143043
310,105,4,2.7,2.6,8.49,1,57.87180666837708
314,109,2,2.1,2.9,8.28,1,56.48950808891833
315,106,4,1.4,2.5,8.65,1,56.75066619627354
326,111,4,4.9,4.9,9.18,1,77.31442721220019
334,115,2,4.2,4.8,9.2,1,91.37449860381388
312,107,3,4.9,4.6,8.56,0,73.03691093263542
311,105,2,2.9,4.2,7.78,0,45.93362337324167
317,108,3,4.3,4.4,8.83,1,77.52727675841973
296,99,3,1.6,2.1,7.84,0,38.15780355760312
327,112,4,2.9,3.9,9.21,1,82.70452756584609
292,96,2,3.1,2.3,7.11,0,39.346419071527855
320,109,2,4.7,4.5,9.08,1,88.32181558072504
295,96,5,2.0,1.6,7.3,0,40.5452596616552
325,111,2,1.7,2.0,8.49,1,75.01115688088711
327,115,3,4.7,3.3,9.02,0,71.00783043709424
305,99,5,1.3,1.7,8.14,0,52.84725495380237
326,110,5,3.6,4.0,8.63,1,80.0151500451754
311,106,5,4.0,2.3,8.13,0,49.12570158121587
304,99,1,1.9,1.9,7.51,1,46.27302094286465
326,108,2,2.7,3.0,8.73,1,90.41932290610615
328,110,3,4.3,3.9,8.75,1,77.44621754358964
322,104,4,3.1,2.7,8.03,1,69.82106582282256
306,103,1,2.7,3.0,8.08,1,64.33297329711853
339,117,5,3.9,4.5,9.34,1,94.52808448815202
310,108,2,2.3,3.9,8.52,0,72.66582502410016
312,107,2,3.8,3.4,8.81,1,76.68432941423998
296,98,3,1.4,1.5,7.93,0,47.521926628490164
301,98,3,1.6,2.0,7.25,0,46.124102998418934
322,104,5,2.4,1.5,8.64,0,70.7805957338213
325,114,4,3.4,4.3,9.63,1,87.1111963633878
327,119,3,5.0,4.6,9.77,1,95.17066511296571
332,114,1,4.4,3.4,9.09,1,94.78593622352794
329,115,2,4.4,5.0,9.33,0,94.6717325177625
333,115,3,4.3,4.5,9.41,1,91.0654205855621
333,116,5,5.0,4.2,9.5,0,92.31570151303502
310,106,5,2.3,2.3,8.38,0,69.63335960982428
318,102,2,3.7,4.8,8.19,0,76.541550724592
315,103,5,3.3,2.6,8.29,1,71.14782867083203
318,110,2,4.2,3.6,8.09,0,69.73443071233294
301,93,2,2.2,1.5,7.85,1,56.61475452072534
304,101,4,1.2,2.6,8.01,0,52.66847172116863
302,99,4,2.8,4.0,7.71,1,58.050061014336364
325,115,2,5.0,4.8,9.35,0,81.6075152556707
312,102,3,3.4,3.5,8.34,1,67.26516777976524
319,111,3,3.6,2.2,8.79,1,79.25030036601055
329,114,2,4.5,2.6,9.29,1,89.1308386323671
323,113,1,4.4,2.4,8.38,0,73.24798957720105
315,111,4,4.8,3.1,8.46,0,62.708934483827505
312,106,4,3.2,2.3,8.4,1,74.50591605613985
311,105,5,3.9,3.8,8.92,0,83.33183702327216
314,107,3,5.0,4.7,8.31,0,80.15891856063824
310,113,2,4.9,4.1,8.25,0,75.12787961817183
339,116,4,4.9,3.9,9.39,1,88.05127647489482
330,106,5,4.7,4.6,8.52,1,78.18474662824927
301,104,5,2.7,2.9,7.69,0,49.13700178641946
319,104,3,3.6,2.4,8.62,0,68.83357844372519
310,105,5,4.0,4.9,8.74,0,80.11520502593973
312,101,1,1.2,1.8,7.98,1,52.02986473485856
329,104,2,2.8,2.2,8.51,1,69.0192269350992
293,95,2,2.5,1.7,7.09,0,45.219165747211946
335,118,4,4.9,3.8,9.45,1,92.19769996816075
300,99,5,4.1,4.7,7.55,0,41.52457551808773
306,104,2,1.2,1.8,8.1,1,57.34417778153482
305,104,2,2.1,2.9,8.64,1,85.93191383799085
323,109,4,4.6,3.3,8.57,0,65.48656629827876
294,95,3,1.2,1.9,7.81,0,43.26396370513953
332,109,3,3.8,2.8,8.54,1,77.48316859554022
306,97,4,4.0,3.4,8.42,1,63.00102346914791
331,111,2,3.5,2.0,9.0,1,76.67475154608668
329,111,5,3.9,3.6,9.04,1,90.18300873378914
329,115,3,4.0,4.8,9.09,1,81.4208462277589
330,114,3,4.1,5.0,9.22,1,89.24050713436804
318,110,1,3.0,3.1,8.3,0,70.49494627015139
323,107,2,2.9,3.9,8.79,1,73.02546891696517
310,102,2,4.4,3.6,8.65,1,70.0095673611369
327,111,5,1.6,3.9,8.52,1,75.94163007531795
330,120,2,4.7,5.0,9.77,0,96.86574391036348
307,104,2,3.9,4.0,8.65,0,82.50749657865322
311,108,3,2.1,2.9,8.92,0,76.92312932038615
319,105,2,4.4,3.6,9.37,0,92.8063207640532
316,103,2,4.0,3.0,8.45,1,71.74741794174166
340,120,3,4.8,4.8,9.87,1,96.49748414629738
301,99,2,2.0,1.6,7.82,0,54.58936177399207
327,113,4,2.7,2.4,9.54,1,82.18761901215834
321,107,2,3.6,4.2,8.88,1,64.9777670905118
319,104,4,1.7,1.7,8.84,1,74.23585100538065
319,108,2,3.7,2.0,8.92,1,77.55776616259037
315,102,2,2.0,3.1,8.02,0,58.39663598090197
339,119,4,3.0,3.5,9.3,1,85.8006160692042
303,103,1,4.4,3.1,8.46,0,74.73693670430474
301,98,5,1.4,1.7,7.77,0,42.359045912458896
306,104,3,1.0,3.2,7.84,0,53.94688889285463
310,104,4,4.3,3.4,8.25,0,65.87552067482746
311,107,3,2.7,3.6,8.22,0,78.87490663570826
328,109,5,3.0,3.5,8.99,1,83.61010574813074
323,106,1,2.4,2.4,8.46,1,74.55445000877275
323,112,4,2.5,3.6,9.35,0,78.37887179007542
307,111,5,3.4,2.8,8.48,0,76.04574201579511
301,103,3,1.7,1.7,8.0,1,61.87591980157936
316,113,3,2.0,1.5,8.31,1,71.31551924947239
290,94,2,2.7,2.3,7.27,0,36.19438815651069
320,105,5,4.0,2.8,8.4,0,68.44458883164526
306,104,5,4.2,3.6,8.47,0,73.38782401853763
326,112,5,4.6,3.8,9.18,1,88.10983160786498
323,111,2,3.9,2.8,8.76,1,72.23010813138256
319,110,3,4.0,4.5,9.05,0,74.13846648802254
310,106,2,2.4,4.3,8.37,1,77.61237260493837
305,97,5,4.4,1.9,7.91,0,53.330611084952174
321,108,2,4.1,4.6,9.09,1,91.66046676616166
304,103,2,1.3,2.0,8.19,0,59.823697505498615
295,96,3,3.7,1.6,7.35,1,41.509805502585934
304,102,4,2.0,1.8,8.09,1,55.83761526507005
322,109,5,3.8,4.8,8.48,0,82.85380808799292
318,106,2,5.0,5.0,9.03,1,88.68108932807382
321,112,4,2.1,4.8,9.35,1,78.49621499951581
322,112,4,4.9,4.4,8.53,1,86.03196724391623
308,101,1,1.4,1.7,8.19,1,67.83635961054763
294,97,5,1.1,3.8,7.42,0,52.30862851331715
326,114,2,1.9,3.6,9.3,0,91.63814633153112
308,105,2,2.8,1.9,8.63,0,62.884543252174495
329,115,4,2.3,1.5,8.82,1,64.34739488227994
320,109,2,2.9,3.7,8.83,1,89.53340260043498
320,101,3,1.1,1.4,8.32,1,64.11679186048823
325,110,1,4.8,4.5,8.92,1,86.64627624067143
320,103,2,2.2,1.7,8.52,1,61.425016645730494
313,103,2,2.1,1.9,7.98,0,68.45883043331695
330,114,3,4.7,4.4,9.27,0,91.12978968359253
302,105,2,4.9,4.0,8.13,0,67.24347408013094
320,112,3,4.8,4.9,8.86,1,84.08009788141926
298,99,3,3.2,3.3,7.97,0,49.031393974640025
315,109,2,4.8,4.8,8.64,1,82.20052281437772
321,111,2,4.9,4.9,8.91,0,89.42220226550229
328,109,2,4.8,5.0,9.52,1,93.31638247460232
324,112,4,4.0,5.0,9.65,1,94.17196295494914
328,117,2,3.4,4.3,9.46,1,86.523281917187
315,101,4,1.0,4.3,8.42,1,67.63373528457093
320,110,4,3.5,4.1,8.85,1,73.90576171139517
318,108,3,4.1,3.3,8.56,1,75.13615028505444
317,109,4,4.3,2.0,9.08,1,78.00484053881249
324,111,2,4.9,4.3,9.12,0,90.71452222771369
329,116,2,4.2,3.3,9.29,1,92.15833847960019
333,116,3,4.7,4.1,9.32,1,89.6883060497745
295,102,3,1.0,1.9,7.96,0,50.55222109157248
319,110,4,3.9,3.9,8.48,1,66.00984952293034
312,101,4,2.2,1.5,8.02,1,54.93423006183184
320,107,3,3.1,3.8,8.5,1,80.24551090755831
316,106,3,2.0,3.2,8.59,1,77.33520502544806
302,105,4,1.9,1.6,7.8,1,50.86589611301948
336,119,4,4.0,4.5,9.52,1,91.71340531988325
310,103,3,3.5,2.3,8.0,0,60.2401843582269
299,101,2,1.7,4.6,7.93,0,56.52695369849556
302,105,3,4.2,3.4,8.14,1,58.834465338018134
310,99,4,2.5,3.0,8.17,0,53.06169824905923
335,116,4,4.6,4.8,9.64,1,94.36278788523894
321,107,3,2.1,2.5,8.68,0,74.03336706734655
296,94,5,2.1,2.3,7.46,0,43.92245998728974
328,112,3,4.9,1.9,9.13,0,85.85149502873597
293,97,2,1.0,1.4,7.67,1,40.848487314126615
329,113,5,4.8,3.6,9.44,1,86.79270947425982
318,106,2,4.2,3.5,8.9,0,67.74085909381209
307,101,2,3.1,2.0,8.21,0,53.91881000011496
320,113,2,4.0,4.3,9.15,1,87.47492534766788
312,114,3,2.2,3.3,8.49,1,78.84042914402075
332,120,4,4.4,4.1,9.7,1,93.69245428451221
296,99,3,1.3,1.4,7.6,1,46.590665487025774
328,117,2,3.6,2.8,9.1,0,85.00438619366969
313,104,1,4.8,4.8,8.63,0,78.93514824169822
326,108,3,2.6,1.7,8.37,1,65.6336661011054
311,103,2,4.7,3.8,8.38,1,84.65080801826433
312,105,2,3.0,2.6,8.05,1,66.12440474956284
325,110,2,4.6,4.7,9.06,1,79.34170392575484
317,110,5,4.8,4.6,9.07,1,86.66657887790991
316,97,3,1.5,1.7,8.01,0,48.11827446142058
316,109,4,4.6,4.6,8.87,0,62.244704479394
326,109,3,3.9,3.7,8.76,1,68.58961111751682
313,107,5,4.9,3.0,8.48,1,77.45672790646587
332,110,5,4.6,4.1,9.07,1,93.20235765714604
310,111,4,2.3,4.1,8.9,1,70.41959995021338
303,108,2,4.7,4.1,8.78,0,71.46478720464246
312,114,2,4.5,2.8,8.89,1,88.54420168458705
314,107,5,1.7,4.4,8.51,0,69.21548361233239
303,98,3,2.6,1.9,8.05,1,61.317502942535846
332,116,3,4.9,4.0,9.46,0,89.21341341584979
301,99,3,4.3,2.1,7.81,0,48.17818129362475
301,101,4,1.0,1.4,7.91,0,49.22336678641813
330,112,2,4.9,4.7,9.23,1,91.79445494539777
307,101,5,2.9,3.9,8.31,0,70.17216967012907
308,108,3,4.8,2.6,7.95,0,45.700149334633835
320,108,2,3.5,2.3,8.75,1,64.13525056707188
307,101,5,4.9,3.7,8.14,0,63.587908822742406
318,107,3,2.8,3.6,8.27,1,74.82975147382031
316,100,3,1.9,1.8,7.66,1,44.92563977809776
318,110,5,4.4,4.2,8.99,1,80.01454891434946
327,116,3,1.7,4.3,9.19,1,90.74561437382056
309,107,5,3.4,4.7,8.52,1,58.49676530772847
337,115,3,3.0,3.8,9.1,0,86.38284294526545
337,119,4,4.6,2.9,9.05,1,80.27193104725474
334,113,4,3.8,4.7,9.45,0,88.15958506118842
326,111,4,3.8,4.3,9.14,1,85.47317927021497
328,115,3,4.7,5.0,9.1,0,85.36226152101533
332,111,3,4.4,3.5,9.26,1,90.98750844856391
336,116,3,4.9,4.2,9.54,1,88.81227309262832
320,112,3,2.4,2.0,8.76,1,81.68649750993454
322,115,2,2.7,3.1,8.72,1,77.50735960485318
332,110,5,4.0,2.3,9.27,1,87.59912751022176
324,113,3,3.7,2.6,9.13,1,83.05607262727385
329,117,3,3.7,4.0,9.42,1,94.82742571998003
298,93,2,1.0,1.4,7.2,1,37.68640640402486
326,109,3,1.9,2.8,9.09,0,74.91946425653079
298,97,3,3.3,3.4,7.51,0,43.95316978782124
293,95,2,1.2,2.1,7.21,0,37.76854694125278
304,105,5,1.2,1.5,8.51,0,59.71370603820388
305,99,5,1.1,2.0,7.58,1,41.13801941667102
316,108,3,3.3,2.5,8.57,1,72.81881734138706
332,114,4,5.0,4.9,9.5,1,95.54027836592245
332,110,2,4.0,4.6,8.96,0,88.35160821375185
322,109,4,4.2,4.9,9.18,1,91.85097463722715
327,106,5,4.9,4.9,8.76,1,86.12829427386227
294,98,2,3.7,1.7,7.72,0,56.951764984884655
319,105,2,4.0,4.1,8.82,1,77.03228426655937
304,105,5,2.0,1.8,8.31,0,56.66402127552536
302,103,5,4.8,3.5,8.64,1,78.71522866087881
328,104,4,4.0,4.0,8.68,1,77.55960744864532
329,108,2,2.8,4.5,8.5,1,80.10304757619437
300,102,2,1.8,2.8,7.89,0,51.88911485846033
322,114,3,2.9,4.2,9.11,1,79.33829698178464
328,111,3,4.0,4.5,9.09,0,88.61158835793123
325,109,5,3.3,4.2,8.99,1,79.5967393184487
335,111,2,4.6,4.4,8.86,1,81.57772688749651
315,105,3,3.3,4.6,8.43,1,60.66723564710763
336,115,2,2.2,3.2,9.05,1,75.92166646472512
332,108,4,5.0,4.0,9.41,0,88.1766710329524
302,102,4,3.3,4.0,8.02,1,61.25436606148581
294,93,1,1.3,1.8,7.14,0,41.38817619132628
327,108,2,4.3,3.4,8.81,0,89.26685588089028
318,103,3,2.7,3.8,8.67,1,69.86423947061516
317,104,2,2.7,3.9,8.29,0,80.17751238349446
305,102,5,2.9,3.6,8.37,1,64.14192481268391
298,98,3,3.2,4.5,7.94,0,53.928371734418306
309,108,2,4.6,3.6,8.77,0,76.68156595006474
338,116,5,5.0,4.8,9.4,1,90.4063891823104
337,120,4,4.1,4.3,9.39,1,94.49912126229512
321,109,3,4.1,3.4,8.78,0,74.01169605760569
316,107,3,2.1,3.1,8.48,0,57.22762796757361
316,106,4,3.9,3.6,8.72,1,74.5165915356878
330,117,3,4.9,2.6,9.17,1,86.03806203727228
327,118,4,4.0,3.8,9.06,0,87.00848305334353
316,111,4,4.5,2.4,9.14,1,85.47551728712953
316,109,3,3.5,3.5,8.77,1,84.11343457592358
300,100,3,4.1,3.9,8.33,1,71.0837935531104
322,108,3,4.8,4.5,8.84,0,91.09802657133773
303,106,4,2.0,3.1,8.56,1,68.47179883811799
304,106,2,2.5,1.6,8.0,0,55.502155427354495
319,115,3,4.2,4.5,9.05,1,75.83421641369058
298,94,4,1.0,2.9,7.19,0,39.39509249685349
317,107,4,2.6,2.9,8.43,0,52.732318467124585
316,109,3,2.8,4.1,8.71,0,82.34558793620961
300,101,4,4.6,4.1,7.79,1,52.972708401419375
327,117,4,4.8,4.1,9.5,0,81.71636936697313
320,108,3,1.2,2.3,8.35,1,69.26528389461424
323,107,5,2.3,4.2,8.36,1,56.98762676348679
324,112,2,4.5,4.3,8.85,0,88.03650638314535
319,107,3,1.4,2.8,8.39,0,70.58192430826004
315,113,2,4.3,5.0,8.28,0,78.18725567371888
308,98,2,4.9,4.2,8.71,1,73.33270885386547
330,113,1,4.8,4.7,9.3,1,91.04257961152766
321,108,1,4.6,3.3,9.34,1,87.62454475553811
315,113,5,3.0,4.1,8.95,0,79.52801182350271
333,115,4,4.7,4.8,9.25,1,85.7991911782229
335,112,4,5.0,4.5,9.4,1,91.88912885887363
308,101,3,1.6,1.5,7.65,0,50.950801091870844
324,114,4,4.9,4.8,9.33,0,91.197725924589
309,101,2,2.5,2.3,7.7,1,57.022557093535546
336,115,1,5.0,5.0,9.06,0,90.60667352428143
331,120,4,4.4,4.6,9.72,1,96.33989401761558
329,114,2,3.4,3.7,8.88,1,83.13673944818123
304,103,1,3.2,3.4,8.21,0,51.919261994881154
323,111,4,4.4,4.2,8.89,1,86.08455200670357
312,110,3,4.7,4.4,8.24,1,67.04167008265614
297,105,4,1.2,2.2,8.29,1,64.74872877539316
336,119,2,5.0,4.5,9.02,1,86.58339374039971
329,116,3,4.0,2.6,9.21,0,91.35021375821124
293,92,2,2.4,3.3,7.17,0,40.08952162657075
327,107,3,2.4,1.6,8.55,1,79.47100424712795
315,106,2,1.7,2.5,8.39,1,76.4586807378086
318,104,5,1.2,2.3,7.91,0,58.92719436194328
325,107,3,4.0,4.6,9.17,0,74.81914607984304
305,106,5,2.5,4.5,8.27,0,59.58245481941814
330,113,4,4.1,4.0,9.72,1,91.70537730045524
334,113,2,3.6,4.8,9.62,1,88.63402249413193
315,104,3,4.8,4.6,8.81,1,77.92658912721969
326,115,2,4.6,4.2,9.51,1,93.14952534112916
320,107,3,4.4,2.9,8.51,0,71.35413433130228
329,112,3,3.9,4.1,9.33,0,90.63012206231443
309,108,2,4.3,2.9,8.42,1,72.12666579834386
323,103,2,4.6,3.4,8.6,1,76.19563302708877
309,105,2,3.7,4.6,8.72,0,71.50603544429487
327,107,5,4.6,4.9,9.06,1,85.24245559392178
308,104,2,4.0,2.6,8.2,0,62.07441189326707
318,109,5,2.3,4.1,8.59,0,78.62960642059069
318,109,5,2.1,4.0,8.4,0,68.84416264396972
323,105,5,4.3,2.9,8.81,0,78.65405656510464
312,98,3,2.0,4.5,8.21,0,60.23243070914789
321,110,5,4.8,4.9,9.13,1,86.62123583930267
327,113,3,2.0,3.5,8.35,1,72.10530547437011
337,115,5,5.0,5.0,9.54,0,94.10392433636233
300,99,1,1.9,1.7,8.4,1,59.46533653065107
304,101,5,2.8,2.0,8.43,0,66.21616560847079
325,107,2,3.6,1.4,8.81,0,73.61405090608484
320,109,4,4.4,4.3,8.89,1,74.46528842157058
326,115,2,4.5,4.0,8.69,0,71.29415718151682
329,111,4,3.4,4.0,8.73,0,91.00152440991553
296,93,4,1.0,2.9,7.14,1,35.7211347867182
300,109,3,5.0,4.9,8.82,1,66.9373149484231
299,103,2,3.6,1.5,8.18,1,57.19079305467224
330,112,3,3.0,4.4,9.3,1,85.34228023092139
327,110,3,1.0,1.7,8.61,1,66.03188798186505
324,114,2,5.0,4.9,9.72,1,86.70965010908681
315,110,5,2.0,2.3,8.18,0,74.98609619876781
297,93,2,1.0,3.1,7.44,0,40.996392647348486
313,98,3,4.6,3.8,8.88,1,69.94575657893101
307,106,2,1.5,1.8,8.14,1,54.4002105422126
313,107,3,3.3,2.8,8.46,1,76.39466096848983
298,99,3,1.7,1.5,7.39,0,43.60124278728955
325,116,3,4.2,4.1,8.63,1,80.5106283279294
336,116,3,4.9,5.0,9.87,1,96.15984639313504
292,95,2,2.9,4.2,7.59,0,44.89512688325749
297,95,3,2.3,1.5,8.03,1,54.70395581760481
303,106,3,3.0,3.4,8.34,0,64.46426821165362
325,112,3,2.5,3.1,8.86,1,86.11271193515414
319,111,2,1.1,1.6,8.87,1,73.96049947466186
310,104,4,2.1,3.4,7.87,0,54.65112073822617
317,109,5,2.9,3.5,8.0,1,64.78408394531877
321,106,5,1.7,4.6,8.41,0,69.9999768140321
337,117,4,3.0,4.2,9.2,1,87.86990854609037
311,99,2,4.8,4.7,7.78,1,62.711381024258245
299,97,3,1.0,2.3,7.55,0,43.7293953004019
294,99,5,1.2,1.4,7.26,0,34.10249679302197
296,106,3,5.0,2.9,8.43,0,81.28194605444686
310,98,1,1.0,1.6,8.19,0,70.839764898259
337,117,2,3.6,4.0,9.29,1,86.34104964159484
309,108,3,2.9,4.7,8.65,0,69.41343309163324
306,103,2,1.0,1.6,7.78,0,41.17078956611108
298,101,3,2.8,3.3,8.04,0,53.482522987630034
298,100,1,1.0,2.2,7.46,0,45.98801018093785
319,107,2,5.0,4.8,9.09,0,89.03120015156932
298,97,5,1.6,4.6,7.53,0,43.44393263104094
311,104,3,3.4,4.7,8.06,0,62.80732616645889
297,102,5,2.2,2.9,7.87,0,44.18951772755411
296,105,3,3.1,2.1,7.89,1,55.27381981850726
318,107,3,4.1,4.4,8.54,1,79.31781167173327
316,108,3,2.7,3.6,8.83,1,82.19164361155589
333,116,4,5.0,5.0,9.29,1,93.98724086147232
317,113,3,5.0,4.3,9.47,1,94.30898256247464
318,111,4,3.8,4.8,8.91,0,75.07702965468475
334,112,2,4.0,4.8,9.33,1,84.52474773257747
323,112,4,4.9,4.9,8.89,1,84.0974244832114
318,112,4,4.5,2.5,8.5,1,84.60814114547928
303,101,3,4.2,3.6,7.85,0,50.28689720730391
310,108,5,4.1,3.3,8.28,1,66.64279578746398
316,106,3,3.6,4.2,8.72,0,67.97507275797999
294,95,2,3.9,2.8,7.49,0,41.81258299304248
298,99,5,4.1,2.6,8.04,0,59.426606461616586
302,94,3,3.7,2.3,7.87,1,56.032834244742304
334,115,2,3.1,4.9,9.16,1,80.29050533666175
306,101,2,2.2,3.4,8.56,0,79.93565306148503
329,109,4,2.9,3.7,8.6,0,77.1414517137397
323,112,2,3.4,4.7,9.14,1,91.37147366939837
312,108,2,4.4,4.2,8.9,0,56.91266651201897
326,114,5,2.9,2.4,8.59,0,62.601198668242134
317,109,3,4.4,4.6,8.61,0,81.53334651898761
331,117,3,4.9,4.6,9.22,1,84.15863998561993
320,111,3,2.8,3.4,8.72,1,73.7926731213991
312,108,4,1.2,3.1,8.44,1,69.72522083925112
328,115,3,3.9,2.3,9.21,1,88.19317148680403
316,113,2,4.2,4.7,8.89,1,71.62618749497258
316,113,3,2.2,3.7,8.82,0,72.23472602763606
335,111,2,4.7,3.2,9.65,1,95.21197293954933
301,101,3,2.5,1.7,7.93,1,67.82230253368314
305,104,2,1.4,3.7,8.15,0,59.44627412748406
306,113,5,1.8,2.2,8.15,1,62.17544849946472
315,107,2,3.8,3.8,8.65,1,81.24349572248755
305,100,3,1.9,2.8,8.35,1,74.4067671018135
312,104,3,2.3,3.1,8.9,0,71.56594921586512
322,110,5,4.3,3.8,8.61,1,76.04644082213197
319,105,3,3.7,3.7,8.7,0,79.30927615457219
311,109,3,2.6,4.4,8.86,1,78.89504573830015
332,114,1,2.6,2.9,8.59,1,75.64786180439127
316,105,1,3.9,2.7,8.39,1,79.71701177832037
329,113,2,4.9,5.0,9.56,1,95.54277075034342
329,112,3,4.9,4.9,9.4,1,92.70147569895254
327,113,4,4.7,3.5,8.96,1,85.29478681200965
304,106,3,2.8,1.9,7.91,0,49.07844177092775
303,98,3,2.1,2.4,7.49,0,47.4679514314315
326,111,3,4.2,2.4,9.24,1,88.92322768329537
334,115,3,4.3,4.5,9.7,1,95.18049833752791
335,114,2,3.1,3.5,9.29,1,86.36866548714322
318,105,2,3.9,3.3,8.08,1,57.91301480056637
321,105,5,4.7,3.7,8.58,0,73.19291280873188
308,105,2,1.4,2.4,8.13,1,63.17691902197494
315,107,2,4.6,4.8,8.97,0,73.98809210083058
327,114,2,3.2,4.2,9.0,0,84.48996653426418
308,102,4,2.3,3.7,8.7,1,65.2996545756556
296,95,2,1.9,1.7,7.0,0,37.67703401033263
300,95,2,3.0,3.3,7.59,1,39.09605051787922
334,115,2,4.9,4.0,9.56,1,93.50883451046498
303,98,2,2.9,1.8,7.85,0,60.870281696718514
323,116,2,3.4,3.6,9.01,1,76.61195514334929
293,96,3,1.7,3.2,7.54,0,46.91188350583287
331,113,5,4.1,4.6,9.09,1,91.95701764118549
