Temperature,Humidity,Occupancy,Hour,Minute
23.7,26.272,1,14,19
23.72,26.29,1,14,19
23.73,26.23,1,14,21
23.72,26.125,1,14,22
23.75,26.2,1,14,23
23.76,26.26,1,14,23
23.73,26.29,1,14,25
23.75,26.29,1,14,25
23.75,26.35,1,14,26
23.74,26.39,1,14,28
23.74,26.445,1,14,29
23.7,26.56,1,14,30
23.7,26.6,1,14,31
23.7,26.7,1,14,31
23.7,26.774,1,14,32
23.7,26.89,1,14,34
23.7,26.9725,1,14,35
23.6,26.89,1,14,36
23.64,26.976,1,14,37
23.65,27.05,1,14,38
23.64,27.1,1,14,38
23.6,27.16,1,14,39
23.6,27.236,1,14,41
23.6,27.29,1,14,42
23.6,27.33,1,14,43
23.6,27.34,1,14,44
23.62,27.3925,1,14,44
23.6,27.39,1,14,45
23.6,27.412,1,14,47
23.6,27.5,1,14,48
23.6,27.525,1,14,49
23.6,27.6,1,14,50
23.6,27.6,1,14,51
23.6,27.54,1,14,51
23.6,27.6,1,14,53
23.62,27.63333,1,14,54
23.67,27.7,1,14,55
23.6,27.7,1,14,55
23.6,27.7225,1,14,57
23.6,27.79,1,14,57
23.6,27.85667,1,14,58
23.6,27.80429,1,15,0
23.58,27.79,1,15,1
23.54,27.81,1,15,2
23.6,27.978,1,15,3
23.52,28.0,1,15,4
23.5,27.978,1,15,4
23.5,28.0,1,15,6
23.5,28.0,1,15,7
23.5,28.0,1,15,8
23.5,28.0,1,15,8
23.5,28.025,1,15,10
23.44,28.125,1,15,10
23.39,28.18,1,15,11
23.39,28.2,1,15,13
23.39,28.2,1,15,14
23.39,28.2,1,15,15
23.39,28.2225,1,15,16
23.39,28.37333,1,15,16
23.37,28.39,1,15,17
23.39,28.32333,1,15,19
23.37,28.445,1,15,20
23.39,28.5,1,15,21
23.32,28.5,1,15,22
23.36,28.5,1,15,23
23.29,28.5,1,15,23
23.31,28.53333,1,15,24
23.29,28.7,1,15,26
23.29,28.7,1,15,27
23.29,28.675,1,15,28
23.29,28.61667,1,15,29
23.29,28.66,1,15,29
23.29,28.55,1,15,30
23.29,28.6,1,15,32
23.27,28.6,1,15,33
23.2,28.4175,1,15,34
23.23,28.5,1,15,35
23.29,28.5,1,15,36
23.22,28.63333,1,15,36
23.2,28.6,1,15,38
23.2,28.65,1,15,39
23.2,28.62,1,15,40
23.2,28.7,1,15,40
23.2,28.7,1,15,42
23.2,28.718,1,15,42
23.2,28.79,1,15,43
23.2,28.79,1,15,45
23.14,28.79,1,15,46
23.15,28.89,1,15,47
23.15,28.89,1,15,48
23.18,28.83,1,15,49
23.12,28.945,1,15,49
23.14,28.956,1,15,51
23.1,29.0,1,15,52
23.1,29.075,1,15,53
23.1,28.918,1,15,53
23.1,27.925,1,15,55
23.06,27.772,1,15,55
23.02,27.556,1,15,56
23.01,27.81883,1,15,58
23.0,28.08167,1,15,59
23.0,27.956,1,16,0
22.98,27.90833,1,16,1
23.0,27.92667,1,16,1
23.0,28.018,1,16,2
22.98,28.06667,1,16,4
22.94,28.1,1,16,5
23.0,28.1,1,16,6
22.96,28.2,1,16,7
22.97,28.1,1,16,8
22.94,28.13333,1,16,8
23.0,28.2,1,16,9
22.94,28.2,1,16,11
23.0,28.13333,1,16,12
22.91,28.1,1,16,13
22.89,28.1,1,16,14
22.89,27.956,1,16,14
22.86,27.84,1,16,15
22.87,27.68333,1,16,17
22.87,27.6,1,16,18
22.89,27.6,1,16,19
22.82,27.445,1,16,20
22.84,27.37333,1,16,21
22.79,27.365,1,16,21
22.79,27.2,1,16,23
22.79,27.17143,1,16,24
22.79,27.06667,1,16,25
22.79,27.02,1,16,25
22.77,26.934,1,16,27
22.76,26.82333,1,16,27
22.7,26.754,1,16,28
22.72,26.7,1,16,30
22.7,26.68333,1,16,31
22.7,26.53333,1,16,32
22.7,26.46333,1,16,33
22.7,26.445,1,16,34
22.7,26.34,1,16,34
22.7,26.26,1,16,36
22.7,26.2,1,16,37
22.7,26.16,1,16,38
22.7,26.02,1,16,38
22.7,26.1,1,16,40
22.7,26.0,1,16,40
22.7,25.934,1,16,41
22.7,25.92667,1,16,43
22.7,25.815,1,16,44
22.68,25.772,1,16,45
22.64,25.696,1,16,46
22.6,25.575,1,16,46
22.67,25.6,1,16,47
22.6,25.525,1,16,49
22.62,25.476,1,16,50
22.62,25.55,1,16,51
22.6,25.39,1,16,52
22.65,25.42,1,16,53
22.6,25.2675,1,16,53
22.6,25.218,1,16,54
22.6,25.2,1,16,56
22.6,25.2,1,16,57
22.6,25.15,1,16,58
22.6,25.14,1,16,59
22.6,25.15,1,16,59
22.6,25.04,1,17,0
22.6,25.05,1,17,2
22.6,25.06,1,17,3
22.6,25.0,1,17,4
22.6,25.0,1,17,5
22.6,25.0,1,17,6
22.6,25.025,1,17,6
22.6,25.1,1,17,8
22.6,25.08,1,17,9
22.56,25.02,1,17,10
22.58,25.08,1,17,10
22.58,25.075,1,17,12
22.56,24.912,1,17,12
22.55,25.2,1,17,13
22.6,24.9175,1,17,15
22.58,25.06,1,17,16
22.57,24.90833,1,17,17
22.52,24.945,1,17,18
22.54,24.89,1,17,19
22.5,24.865,1,17,19
22.5,24.9175,1,17,21
22.5,24.91167,1,17,22
22.56,24.81,1,17,23
22.52,24.89,1,17,23
22.52,24.976,1,17,25
22.58,25.075,1,17,25
22.6,25.0,1,17,26
22.6,25.02143,1,17,28
22.6,25.04286,1,17,29
22.6,25.1,1,17,30
22.6,25.1,1,17,31
22.6,25.08,1,17,31
22.6,25.16667,1,17,32
22.6,25.06667,0,17,34
22.6,25.2,0,17,35
22.6,25.2,0,17,36
22.54,25.16,0,17,37
22.54,25.16,0,17,38
22.54,25.14,0,17,38
22.52,25.1,0,17,39
22.5,25.04,0,17,41
22.5,25.0,0,17,42
22.5,25.0,0,17,43
22.5,25.0,0,17,44
22.5,24.912,0,17,44
22.5,24.89,0,17,45
22.5,24.89,0,17,47
22.5,24.89,0,17,48
22.48,24.87,0,17,49
22.46,24.83,0,17,50
22.5,24.85667,0,17,51
22.42,24.7475,0,17,51
22.46,24.81,0,17,53
22.39,24.7,0,17,54
22.42,24.7225,0,17,55
22.39,24.7,0,17,55
22.39,24.7225,1,17,57
22.39,24.71708,1,17,57
22.39,24.71167,1,17,58
22.39,24.625,1,18,0
22.39,24.754,1,18,1
22.39,24.912,1,18,2
22.39,25.245,1,18,3
22.39,25.0925,1,18,4
22.39,25.0,0,18,4
22.35,24.978,0,18,6
22.32,25.0,0,18,7
22.36,24.9725,0,18,8
22.32,24.89,0,18,8
22.29,24.9175,0,18,10
22.29,24.912,0,18,10
22.26,24.85667,0,18,11
22.25,24.85,0,18,13
22.23,24.79333,0,18,14
22.26,24.82333,0,18,15
22.2,24.79,0,18,16
22.2,24.79,0,18,16
22.2,24.736,0,18,17
22.2,24.79,0,18,19
22.13,24.7,0,18,20
22.1,24.7,0,18,21
22.15,24.7225,0,18,22
22.1,24.7,0,18,23
22.1,24.7,0,18,23
22.13,24.7,0,18,24
22.1,24.7,0,18,26
22.1,24.675,0,18,27
22.07,24.66667,0,18,28
22.07,24.66667,0,18,29
22.0,24.58,0,18,29
21.98,24.6,0,18,30
21.98,24.56,0,18,32
21.94,24.6,0,18,33
21.93,24.5,0,18,34
21.89,24.5,0,18,35
21.89,24.525,0,18,36
21.89,24.5,0,18,36
21.89,24.5,0,18,38
21.82,24.4175,0,18,39
21.82,24.46333,0,18,40
21.79,24.39,0,18,40
21.79,24.39,0,18,42
21.79,24.39,0,18,42
21.77,24.39,0,18,43
21.77,24.365,0,18,45
21.75,24.35,0,18,46
21.7,24.29,0,18,47
21.7,24.29,0,18,48
21.7,24.29,0,18,49
21.7,24.29,0,18,49
21.64,24.236,0,18,51
21.6,24.2,0,18,52
21.6,24.2,0,18,53
21.6,24.2225,0,18,53
21.5,24.26,0,18,55
21.5,24.2,0,18,55
21.55,24.2,0,18,56
21.5,24.2,0,18,58
21.5,24.2,0,18,59
21.5,24.2,0,19,0
21.5,24.2,0,19,1
21.5,24.15,0,19,1
21.5,24.175,0,19,2
21.5,24.125,0,19,4
21.5,24.15,0,19,5
21.5,24.125,0,19,6
21.5,24.1,0,19,7
21.5,24.1,0,19,8
21.5,24.1,0,19,8
21.5,24.1,0,19,9
21.47,24.075,0,19,11
21.39,24.0,0,19,12
21.43,23.92667,0,19,13
21.39,23.9725,0,19,14
21.39,23.9175,0,19,14
21.39,23.945,0,19,15
21.36,23.89,0,19,17
21.32,24.0,0,19,18
21.34,23.9725,0,19,19
21.32,23.9725,0,19,20
21.36,24.0,0,19,21
21.39,23.9725,0,19,21
21.32,23.89,0,19,23
21.29,23.945,0,19,24
21.29,23.9725,0,19,25
21.29,23.89,0,19,25
21.29,23.92667,0,19,27
21.29,23.89,0,19,27
21.29,23.89,0,19,28
21.25,23.85,0,19,30
21.23,23.82333,0,19,31
21.22,23.81,0,19,32
21.2,23.79,0,19,33
21.2,23.79,0,19,34
21.2,23.79,0,19,34
21.2,23.79,0,19,36
21.2,23.79,0,19,37
21.2,23.7675,0,19,38
21.2,23.745,0,19,38
21.2,23.76,0,19,40
21.2,23.7,0,19,40
21.2,23.79,0,19,41
21.18,23.7,0,19,43
21.17,23.7,0,19,44
21.12,23.675,0,19,45
21.1,23.65,0,19,46
21.12,23.65,0,19,46
21.1,23.6,0,19,47
21.13,23.6,0,19,49
21.1,23.6,0,19,50
21.1,23.6,0,19,51
21.1,23.6,0,19,52
21.1,23.6,0,19,53
21.1,23.575,0,19,53
21.1,23.53333,0,19,54
21.1,23.4725,0,19,56
21.1,23.4725,0,19,57
21.1,23.5,0,19,58
21.1,23.5,0,19,59
21.12,23.5,0,19,59
21.1,23.5,0,20,0
21.13,23.5,0,20,2
21.1,23.3925,0,20,3
21.1,23.4725,0,20,4
21.1,23.5,0,20,5
21.1,23.5,0,20,6
21.1,23.5,0,20,6
21.1,23.5,0,20,8
21.1,23.5,0,20,9
21.1,23.434,0,20,10
21.1,23.39,0,20,10
21.1,23.39,0,20,12
21.12,23.39,0,20,12
21.1,23.39,0,20,13
21.1,23.39,0,20,15
21.1,23.39,0,20,16
21.1,23.365,0,20,17
21.1,23.39,0,20,18
21.1,23.365,0,20,19
21.1,23.33,0,20,19
21.08,23.315,0,20,21
21.08,23.34,0,20,22
21.1,23.29,0,20,23
21.03,23.29,0,20,23
21.02,23.29,0,20,25
21.02,23.29,0,20,25
21.0,23.29,0,20,26
21.0,23.29,0,20,28
21.0,23.254,0,20,29
21.0,23.26,0,20,30
21.0,23.2675,0,20,31
21.0,23.29,0,20,31
21.0,23.29,0,20,32
21.0,23.29,0,20,34
21.0,23.29,0,20,35
21.0,23.29,0,20,36
20.97,23.29,0,20,37
21.0,23.29,0,20,38
20.97,23.29,0,20,38
20.96,23.29,0,20,39
21.0,23.29,0,20,41
20.89,23.2,0,20,42
20.89,23.245,0,20,43
20.89,23.2225,0,20,44
20.89,23.254,0,20,44
20.89,23.26,0,20,45
20.89,23.2225,0,20,47
20.89,23.2,0,20,48
20.89,23.2,0,20,49
20.89,23.2,0,20,50
20.89,23.2,0,20,51
20.89,23.2,0,20,51
20.89,23.125,0,20,53
20.89,23.125,0,20,54
20.89,23.1,0,20,55
20.89,23.1,0,20,55
20.89,23.1,0,20,57
20.89,23.1,0,20,57
20.89,23.1,0,20,58
20.89,23.1,0,21,0
20.89,23.1,0,21,1
20.89,23.1,0,21,2
20.97,23.1,0,21,3
20.92,23.1,0,21,4
20.89,23.1,0,21,4
20.89,23.05,0,21,6
20.89,23.05,0,21,7
20.91,23.0,0,21,8
20.93,23.0,0,21,8
20.89,23.0,0,21,10
20.89,22.956,0,21,10
20.93,22.934,0,21,11
20.89,23.0,0,21,13
20.89,23.0,0,21,14
20.92,22.9725,0,21,15
20.89,22.945,0,21,16
20.89,22.89,0,21,16
20.92,22.945,0,21,17
20.89,22.956,0,21,19
20.94,22.89,0,21,20
20.89,22.9175,0,21,21
20.89,22.89,0,21,22
20.89,22.89,0,21,23
20.89,22.89,0,21,23
20.89,22.89,0,21,24
20.89,22.89,0,21,26
20.89,22.89,0,21,27
20.89,22.89,0,21,28
20.86,22.85667,0,21,29
20.89,22.89,0,21,29
20.89,22.865,0,21,30
20.89,22.89,0,21,32
20.89,22.865,0,21,33
20.89,22.89,0,21,34
20.89,22.89,0,21,35
20.89,22.84,0,21,36
20.89,22.84,0,21,36
20.89,22.79,0,21,38
20.89,22.76,0,21,39
20.89,22.815,0,21,40
20.89,22.79,0,21,40
20.89,22.79,0,21,42
20.86,22.7675,0,21,42
20.86,22.7675,0,21,43
20.89,22.79,0,21,45
20.89,22.79,0,21,46
20.89,22.7675,0,21,47
20.86,22.675,0,21,48
20.87,22.718,0,21,49
20.89,22.7,0,21,49
20.89,22.7,0,21,51
20.85,22.678,0,21,52
20.81,22.62,0,21,53
20.79,22.6,0,21,53
20.79,22.65,0,21,55
20.82,22.73,0,21,55
20.79,22.6,0,21,56
20.79,22.64,0,21,58
20.79,22.7,0,21,59
20.79,22.65,0,22,0
20.79,22.63333,0,22,1
20.79,22.7,0,22,1
20.79,22.6,0,22,2
20.79,22.6,0,22,4
20.77,22.6,0,22,5
20.79,22.6,0,22,6
20.79,22.625,0,22,7
20.73,22.6,0,22,8
20.79,22.6,0,22,8
20.79,22.6,0,22,9
20.79,22.6,0,22,11
20.74,22.6,0,22,12
20.76,22.6,0,22,13
20.72,22.6,0,22,14
20.72,22.6,0,22,14
20.72,22.6,0,22,15
20.74,22.55,0,22,17
20.72,22.55,0,22,18
20.76,22.56667,0,22,19
20.72,22.5,0,22,20
20.72,22.5,0,22,21
20.77,22.5,0,22,21
20.74,22.5,0,22,23
20.7,22.5,0,22,24
20.7,22.5,0,22,25
20.77,22.5,0,22,25
20.72,22.52,0,22,27
20.7,22.5,0,22,27
20.73,22.5,0,22,28
20.7,22.5,0,22,30
20.7,22.5,0,22,31
20.72,22.5,0,22,32
20.7,22.5,0,22,33
20.72,22.445,0,22,34
20.7,22.5,0,22,34
20.7,22.5,0,22,36
20.72,22.5,0,22,37
20.7,22.5,0,22,38
20.7,22.456,0,22,38
20.7,22.5,0,22,40
20.7,22.5,0,22,40
20.7,22.5,0,22,41
20.7,22.42667,0,22,43
20.7,22.5,0,22,44
20.72,22.4725,0,22,45
20.72,22.434,0,22,46
20.73,22.39,0,22,46
20.7,22.39,0,22,47
20.74,22.39,0,22,49
20.72,22.365,0,22,50
20.74,22.39,0,22,51
20.77,22.37,0,22,52
20.76,22.39,0,22,53
20.77,22.365,0,22,53
20.74,22.39,0,22,54
20.74,22.39,0,22,56
20.73,22.35667,0,22,57
20.7,22.34,0,22,58
20.76,22.35667,0,22,59
20.74,22.39,0,22,59
20.73,22.39,0,23,0
20.74,22.34,0,23,2
20.7,22.37,0,23,3
20.7,22.365,0,23,4
20.7,22.365,0,23,5
20.72,22.34,0,23,6
20.7,22.34,0,23,6
20.7,22.39,0,23,8
20.7,22.315,0,23,9
20.7,22.29,0,23,10
20.7,22.365,0,23,10
20.7,22.34,0,23,12
20.7,22.29,0,23,12
20.7,22.29,0,23,13
20.7,22.29,0,23,15
20.7,22.33,0,23,16
20.7,22.29,0,23,17
20.7,22.29,0,23,18
20.7,22.29,0,23,19
20.7,22.29,0,23,19
20.7,22.29,0,23,21
20.7,22.29,0,23,22
20.7,22.29,0,23,23
20.7,22.29,0,23,23
20.7,22.29,0,23,25
20.7,22.29,0,23,25
20.7,22.315,0,23,26
20.68,22.29,0,23,28
20.68,22.29,0,23,29
20.7,22.29,0,23,30
20.68,22.22,0,23,31
20.68,22.2675,0,23,31
20.67,22.26,0,23,32
20.62,22.2225,0,23,34
20.68,22.2675,0,23,35
20.65,22.245,0,23,36
20.64,22.236,0,23,37
20.63,22.26,0,23,38
20.7,22.29,0,23,38
20.68,22.2675,0,23,39
20.62,22.245,0,23,41
20.68,22.2675,0,23,42
20.62,22.2225,0,23,43
20.65,22.2675,0,23,44
20.67,22.26,0,23,44
20.64,22.236,0,23,45
20.63,22.23,0,23,47
20.65,22.245,0,23,48
20.65,22.245,0,23,49
20.65,22.245,0,23,50
20.63,22.23,0,23,51
20.65,22.245,0,23,51
20.62,22.2225,0,23,53
20.6,22.2,0,23,54
20.6,22.2,0,23,55
20.6,22.2225,0,23,55
20.6,22.2,0,23,57
20.6,22.2,0,23,57
20.6,22.2225,0,23,58
20.6,22.2,0,0,0
20.6,22.2,0,0,1
20.6,22.2,0,0,2
20.63,22.23,0,0,3
20.6,22.2,0,0,4
20.6,22.2,0,0,4
20.6,22.2,0,0,6
20.6,22.2,0,0,7
20.6,22.2,0,0,8
20.6,22.2,0,0,8
20.58,22.2225,0,0,10
20.6,22.2225,0,0,10
20.58,22.2675,0,0,11
20.58,22.254,0,0,13
20.6,22.23,0,0,14
20.6,22.26,0,0,15
20.6,22.2,0,0,16
20.58,22.2,0,0,16
20.55,22.2675,0,0,17
20.6,22.2,0,0,19
20.6,22.2,0,0,20
20.57,22.23,0,0,21
20.58,22.2675,0,0,22
20.6,22.2,0,0,23
20.6,22.2675,0,0,23
20.6,22.218,0,0,24
20.6,22.2,0,0,26
20.6,22.26,0,0,27
20.6,22.2,0,0,28
20.6,22.2,0,0,29
20.6,22.2,0,0,29
20.6,22.2,0,0,30
20.6,22.2,0,0,32
20.6,22.2,0,0,33
20.58,22.2,0,0,34
20.6,22.2,0,0,35
20.6,22.2,0,0,36
20.6,22.2,0,0,36
20.6,22.2225,0,0,38
20.6,22.2225,0,0,39
20.6,22.2,0,0,40
20.58,22.218,0,0,40
20.57,22.26,0,0,42
20.6,22.2,0,0,42
20.6,22.2675,0,0,43
20.6,22.29,0,0,45
20.6,22.29,0,0,46
20.55,22.29,0,0,47
20.55,22.29,0,0,48
20.52,22.2225,0,0,49
20.58,22.29,0,0,49
20.6,22.29,0,0,51
20.58,22.29,0,0,52
20.57,22.29,0,0,53
20.58,22.254,0,0,53
20.53,22.26,0,0,55
20.58,22.2,0,0,55
20.58,22.29,0,0,56
20.52,22.2675,0,0,58
20.6,22.2,0,0,59
20.6,22.254,0,1,0
20.56,22.29,0,1,1
20.6,22.29,0,1,1
20.55,22.29,0,1,2
20.55,22.29,0,1,4
20.6,22.29,0,1,5
20.52,22.2675,0,1,6
20.52,22.29,0,1,7
20.52,22.29,0,1,8
20.5,22.2675,0,1,8
20.5,22.29,0,1,9
20.52,22.29,0,1,11
20.6,22.26,0,1,12
20.5,22.2,0,1,13
20.6,22.2225,0,1,14
20.56,22.2,0,1,14
20.6,22.2,0,1,15
20.57,22.2,0,1,17
20.57,22.2,0,1,18
20.58,22.2,0,1,19
20.55,22.245,0,1,20
20.6,22.245,0,1,21
20.6,22.2225,0,1,21
20.6,22.2,0,1,23
20.57,22.2,0,1,24
20.6,22.2,0,1,25
20.6,22.2,0,1,25
20.6,22.14,0,1,27
20.6,22.125,0,1,27
20.6,22.1,0,1,28
20.6,22.1,0,1,30
20.6,22.125,0,1,31
20.6,22.1,0,1,32
20.58,22.14,0,1,33
20.57,22.13333,0,1,34
20.6,22.1,0,1,34
20.57,22.1,0,1,36
20.6,22.15,0,1,37
20.58,22.125,0,1,38
20.58,22.1,0,1,38
20.6,22.1,0,1,40
20.6,22.1,0,1,40
20.6,22.13333,0,1,41
20.6,22.125,0,1,43
20.6,22.1,0,1,44
20.58,22.175,0,1,45
20.58,22.175,0,1,46
20.6,22.13333,0,1,46
20.58,22.125,0,1,47
20.55,22.2,0,1,49
20.57,22.2,0,1,50
20.52,22.2,0,1,51
20.56,22.2,0,1,52
20.6,22.2,0,1,53
20.53,22.2,0,1,53
20.58,22.2,0,1,54
20.6,22.2,0,1,56
20.6,22.2,0,1,57
20.56,22.2,0,1,58
20.55,22.2,0,1,59
20.6,22.2,0,1,59
20.58,22.2,0,2,0
20.6,22.2,0,2,2
20.58,22.2,0,2,3
20.57,22.23,0,2,4
20.58,22.2675,0,2,5
20.6,22.2225,0,2,6
20.53,22.2,0,2,6
20.56,22.2,0,2,8
20.6,22.2,0,2,9
20.58,22.2,0,2,10
20.52,22.245,0,2,10
20.52,22.2675,0,2,12
20.5,22.29,0,2,12
20.52,22.29,0,2,13
20.5,22.29,0,2,15
20.5,22.29,0,2,16
20.5,22.29,0,2,17
20.5,22.29,0,2,18
20.5,22.29,0,2,19
20.5,22.29,0,2,19
20.5,22.29,0,2,21
20.5,22.29,0,2,22
20.5,22.29,0,2,23
20.5,22.29,0,2,23
20.5,22.29,0,2,25
20.5,22.29,0,2,25
20.5,22.29,0,2,26
20.5,22.29,0,2,28
20.5,22.29,0,2,29
20.5,22.29,0,2,30
20.5,22.29,0,2,31
20.5,22.29,0,2,31
20.5,22.29,0,2,32
20.5,22.29,0,2,34
20.5,22.29,0,2,35
20.5,22.29,0,2,36
20.5,22.29,0,2,37
20.5,22.29,0,2,38
20.5,22.315,0,2,38
20.5,22.39,0,2,39
20.5,22.35667,0,2,41
20.5,22.365,0,2,42
20.5,22.39,0,2,43
20.5,22.365,0,2,44
20.5,22.39,0,2,44
20.5,22.39,0,2,45
20.5,22.29,0,2,47
20.5,22.32333,0,2,48
20.5,22.315,0,2,49
20.5,22.315,0,2,50
20.5,22.35667,0,2,51
20.5,22.39,0,2,51
20.5,22.39,0,2,53
20.5,22.39,0,2,54
20.5,22.39,0,2,55
20.5,22.34,0,2,55
20.5,22.37,0,2,57
20.5,22.39,0,2,57
20.46,22.35667,0,2,58
20.5,22.39,0,3,0
20.5,22.315,0,3,1
20.5,22.37,0,3,2
20.5,22.35667,0,3,3
20.5,22.39,0,3,4
20.5,22.34,0,3,4
20.5,22.39,0,3,6
20.5,22.39,0,3,7
20.5,22.39,0,3,8
20.5,22.39,0,3,8
20.5,22.39,0,3,10
20.5,22.39,0,3,10
20.48,22.37,0,3,11
20.46,22.35,0,3,13
20.48,22.392,0,3,14
20.5,22.39,0,3,15
20.43,22.32333,0,3,16
20.5,22.39,0,3,16
20.48,22.392,0,3,17
20.43,22.32333,0,3,19
20.42,22.3925,0,3,20
20.46,22.414,0,3,21
20.47,22.39,0,3,22
20.46,22.39333,0,3,23
20.5,22.39,0,3,23
20.42,22.3425,0,3,24
20.46,22.46333,0,3,26
20.48,22.478,0,3,27
20.5,22.456,0,3,28
20.5,22.412,0,3,29
20.47,22.3925,0,3,29
20.44,22.34,0,3,30
20.5,22.434,0,3,32
20.5,22.39,0,3,33
20.5,22.39,0,3,34
20.5,22.39,0,3,35
20.5,22.39,0,3,36
20.5,22.39,0,3,36
20.5,22.42667,0,3,38
20.5,22.445,0,3,39
20.5,22.39,0,3,40
20.47,22.3925,0,3,40
20.5,22.46333,0,3,42
20.5,22.456,0,3,42
20.5,22.39,0,3,43
20.5,22.39,0,3,45
20.47,22.39,0,3,46
20.47,22.4175,0,3,47
20.5,22.5,0,3,48
20.5,22.478,0,3,49
20.43,22.412,0,3,49
20.42,22.34,0,3,51
20.39,22.39,0,3,52
20.39,22.39,0,3,53
20.39,22.39,0,3,53
20.39,22.39,0,3,55
20.39,22.39,0,3,55
20.39,22.5,0,3,56
20.39,22.46333,0,3,58
20.39,22.5,0,3,59
20.39,22.5,0,4,0
20.39,22.5,0,4,1
20.39,22.5,0,4,1
20.39,22.5,0,4,2
20.39,22.5,0,4,4
20.39,22.5,0,4,5
20.39,22.5,0,4,6
20.39,22.5,0,4,7
20.39,22.5,0,4,8
20.39,22.5,0,4,8
20.39,22.5,0,4,9
20.39,22.5,0,4,11
20.35,22.5,0,4,12
20.39,22.5,0,4,13
20.39,22.5,0,4,14
20.39,22.5,0,4,14
20.39,22.5,0,4,15
20.39,22.5,0,4,17
20.39,22.46333,0,4,18
20.39,22.5,0,4,19
20.39,22.5,0,4,20
20.39,22.5,0,4,21
20.39,22.5,0,4,21
20.39,22.5,0,4,23
20.39,22.5,0,4,24
20.39,22.4725,0,4,25
20.39,22.46333,0,4,25
20.39,22.5,0,4,27
20.39,22.5,0,4,27
20.39,22.5,0,4,28
20.39,22.5,0,4,30
20.39,22.46333,0,4,31
20.39,22.4725,0,4,32
20.39,22.5,0,4,33
20.39,22.5,0,4,34
20.39,22.4725,0,4,34
20.39,22.445,0,4,36
20.39,22.42667,0,4,37
20.39,22.5,0,4,38
20.39,22.5,0,4,38
20.39,22.5,0,4,40
20.39,22.456,0,4,40
20.39,22.5,0,4,41
20.39,22.5,0,4,43
20.39,22.46333,0,4,44
20.39,22.445,0,4,45
20.39,22.5,0,4,46
20.39,22.5,0,4,46
20.39,22.5,0,4,47
20.39,22.5,0,4,49
20.39,22.5,0,4,50
20.39,22.5,0,4,51
20.39,22.42667,0,4,52
20.39,22.4725,0,4,53
20.39,22.5,0,4,53
20.39,22.5,0,4,54
20.39,22.5,0,4,56
20.39,22.5,0,4,57
20.39,22.5,0,4,58
20.39,22.5,0,4,59
20.39,22.5,0,4,59
20.39,22.5,0,5,0
20.39,22.5,0,5,2
20.39,22.5,0,5,3
20.39,22.5,0,5,4
20.39,22.5,0,5,5
20.39,22.5,0,5,6
20.39,22.5,0,5,6
20.39,22.5,0,5,8
20.39,22.5,0,5,9
20.36,22.5,0,5,10
20.39,22.5,0,5,10
20.39,22.5,0,5,12
20.39,22.5,0,5,12
20.39,22.5,0,5,13
20.39,22.5,0,5,15
20.39,22.5,0,5,16
20.39,22.5,0,5,17
20.39,22.5,0,5,18
20.39,22.5,0,5,19
20.36,22.5,0,5,19
20.36,22.5,0,5,21
20.34,22.575,0,5,22
20.32,22.6,0,5,23
20.32,22.6,0,5,23
20.36,22.6,0,5,25
20.34,22.6,0,5,25
20.36,22.575,0,5,26
20.29,22.6,0,5,28
20.29,22.6,0,5,29
20.29,22.6,0,5,30
20.32,22.6,0,5,31
20.29,22.6,0,5,31
20.32,22.6,0,5,32
20.29,22.6,0,5,34
20.29,22.625,0,5,35
20.29,22.63333,0,5,36
20.29,22.675,0,5,37
20.29,22.7,0,5,38
20.29,22.7,0,5,38
20.29,22.7,0,5,39
20.29,22.7,0,5,41
20.29,22.7,0,5,42
20.29,22.65,0,5,43
20.29,22.6,0,5,44
20.29,22.7,0,5,44
20.29,22.675,0,5,45
20.29,22.7,0,5,47
20.29,22.7,0,5,48
20.29,22.7,0,5,49
20.29,22.675,0,5,50
20.29,22.65,0,5,51
20.29,22.7,0,5,51
20.29,22.7,0,5,53
20.29,22.7,0,5,54
20.29,22.7,0,5,55
20.29,22.7,0,5,55
20.29,22.7,0,5,57
20.29,22.7,0,5,57
20.29,22.7,0,5,58
20.29,22.7,0,6,0
20.27,22.68,0,6,1
20.26,22.66667,0,6,2
20.29,22.7,0,6,3
20.29,22.7,0,6,4
20.29,22.7,0,6,4
20.29,22.7,0,6,6
20.29,22.7,0,6,7
20.29,22.7,0,6,8
20.29,22.7225,0,6,8
20.27,22.7,0,6,10
20.26,22.76,0,6,10
20.29,22.7,0,6,11
20.29,22.7,0,6,13
20.29,22.7,0,6,14
20.27,22.675,0,6,15
20.27,22.72,0,6,16
20.29,22.76,0,6,16
20.29,22.772,0,6,17
20.29,22.79,0,6,19
20.29,22.7675,0,6,20
20.29,22.76,0,6,21
20.29,22.7,0,6,22
20.29,22.7,0,6,23
20.29,22.7,0,6,23
20.29,22.79,0,6,24
20.29,22.7225,0,6,26
20.29,22.7,0,6,27
20.29,22.7675,0,6,28
20.29,22.7225,0,6,29
20.29,22.7,0,6,29
20.32,22.7,0,6,30
20.36,22.7,0,6,32
20.39,22.7,0,6,33
20.39,22.7,0,6,34
20.39,22.7,0,6,35
20.39,22.7,0,6,36
20.39,22.7,0,6,36
20.39,22.65,0,6,38
20.39,22.68,0,6,39
20.39,22.7,0,6,40
20.39,22.7,0,6,40
20.39,22.7,0,6,42
20.39,22.675,0,6,42
20.39,22.7,0,6,43
20.37,22.7,0,6,45
20.32,22.7,0,6,46
20.29,22.7225,0,6,47
20.29,22.745,0,6,48
20.29,22.79,0,6,49
20.29,22.79,0,6,49
20.29,22.79,0,6,51
20.29,22.79,0,6,52
20.29,22.79,0,6,53
20.26,22.79,0,6,53
20.29,22.84,0,6,55
20.27,22.84,0,6,55
20.24,22.815,0,6,56
20.24,22.83,0,6,58
20.29,22.89,0,6,59
20.2,22.79,0,7,0
20.22,22.81,0,7,1
20.24,22.84,0,7,1
20.2,22.79,0,7,2
20.24,22.84,0,7,4
20.27,22.865,0,7,5
20.2,22.79,0,7,6
20.22,22.815,0,7,7
20.2,22.79,0,7,8
20.2,22.79,0,7,8
20.22,22.815,0,7,9
20.2,22.79,0,7,11
20.2,22.815,0,7,12
20.22,22.8675,0,7,13
20.2,22.89,0,7,14
20.2,22.89,0,7,14
20.2,22.89,0,7,15
20.2,22.89,0,7,17
20.2,22.89,0,7,18
20.2,22.89,0,7,19
20.24,22.83,0,7,20
20.29,22.84,0,7,21
20.29,22.79,0,7,21
20.29,22.79,0,7,23
20.29,22.79,0,7,24
20.29,22.79,0,7,25
20.29,22.79,0,7,25
20.29,22.79,0,7,27
20.32,22.79,0,7,27
20.36,22.7,0,7,28
20.34,22.745,0,7,30
20.34,22.7225,0,7,31
20.32,22.7675,0,7,32
20.32,22.7675,0,7,33
20.29,22.79,0,7,34
20.29,22.79,0,7,34
20.29,22.79,1,7,36
20.29,22.85667,1,7,37
20.29,22.956,1,7,38
20.29,23.0,0,7,38
20.32,23.1,0,7,40
20.29,23.2,0,7,40
20.31,23.2,0,7,41
20.31,23.2,1,7,43
20.33,23.2,1,7,44
20.39,23.2,1,7,45
20.36,23.245,1,7,46
20.39,23.34,1,7,46
20.39,23.434,1,7,47
20.39,23.5,1,7,49
20.39,23.66,1,7,50
20.39,23.7,1,7,51
20.39,23.7,1,7,52
20.44,23.8175,1,7,53
20.5,23.89,1,7,53
20.5,23.978,1,7,54
20.5,24.03333,1,7,56
20.5,24.1,1,7,57
20.5,24.1,1,7,58
20.5,24.1,1,7,59
20.5,24.18,1,7,59
20.52,24.236,1,8,0
20.5,24.32333,1,8,2
20.5,24.39,1,8,3
20.5,24.39,1,8,4
20.56,24.39,1,8,5
20.55,24.39,1,8,6
20.55,24.39,1,8,6
20.58,24.39,1,8,8
20.6,24.39,1,8,9
20.67,24.39,1,8,10
20.7,24.37,1,8,10
20.7,24.39,1,8,12
20.7,24.39,1,8,12
20.7,24.39,1,8,13
20.74,24.39,1,8,15
20.73,24.39,1,8,16
20.7,24.5,1,8,17
20.75,24.5,1,8,18
20.79,24.5,1,8,19
20.77,24.52,1,8,19
20.77,24.6,1,8,21
20.75,24.66,1,8,22
20.77,24.7,1,8,23
20.79,24.7,1,8,23
20.79,24.7,1,8,25
20.79,24.736,1,8,25
20.79,24.79,1,8,26
20.78,24.79,1,8,28
20.79,24.79,1,8,29
20.79,24.79,1,8,30
20.79,24.79,1,8,31
20.79,24.79,1,8,31
20.79,24.79,1,8,32
20.79,24.79,1,8,34
20.79,24.79,1,8,35
20.79,24.79,1,8,36
20.79,24.79,1,8,37
20.82,24.815,1,8,38
20.79,24.79,1,8,38
20.84,24.84,1,8,39
20.79,24.79,1,8,41
20.89,24.89,1,8,42
20.83,24.83,1,8,43
20.87,24.87,1,8,44
20.89,24.87333,1,8,44
20.89,24.89,1,8,45
20.87,24.84,1,8,47
20.87,24.775,1,8,48
20.89,24.84,1,8,49
20.89,24.85667,1,8,50
20.89,24.82333,1,8,51
20.89,24.79,1,8,51
20.93,24.79,1,8,53
20.89,24.85,1,8,54
20.89,24.89,1,8,55
20.89,24.945,1,8,55
20.89,24.9175,1,8,57
20.89,24.978,1,8,57
20.89,25.0,1,8,58
20.89,25.0,1,9,0
20.89,25.0,1,9,1
20.92,25.0,1,9,2
20.98,25.0,1,9,3
21.0,24.96333,1,9,4
21.0,24.912,1,9,4
21.02,24.89,1,9,6
21.08,24.89,1,9,7
21.1,24.89,1,9,8
21.1,24.89,1,9,8
21.13,24.82333,0,9,10
21.17,24.85833,0,9,10
21.2,25.16333,1,9,11
21.18,25.04042,1,9,13
21.15,24.9175,1,9,14
21.18,25.19833,1,9,15
21.2,25.34,1,9,16
21.2,25.3925,1,9,16
21.23,25.445,1,9,17
21.25,25.578,1,9,19
21.2,25.76333,1,9,20
21.2,25.89,1,9,21
21.2,26.05,1,9,22
21.2,26.1,1,9,23
21.2,26.15714,1,9,23
21.2,26.245,1,9,24
21.2,26.29,1,9,26
21.22,26.31,1,9,27
21.24,26.412,1,9,28
21.23,26.49833,1,9,29
21.22,26.525,1,9,29
21.24,26.58333,1,9,30
21.26,26.56667,1,9,32
21.29,26.68333,1,9,33
21.29,26.76,1,9,34
21.29,26.79,1,9,35
21.32,26.7675,1,9,36
21.31,26.79,1,9,36
21.31,26.79,1,9,38
21.36,26.79,1,9,39
21.31,26.83,1,9,40
21.29,26.89,1,9,40
21.35,26.934,1,9,42
21.34,26.945,1,9,42
21.32,27.0,1,9,43
21.39,27.0,1,9,45
21.39,27.1,1,9,46
21.39,27.08,1,9,47
21.39,27.1,1,9,48
21.42,27.22,1,9,49
21.43,27.23,1,9,49
21.41,27.272,1,9,51
21.46,27.33,1,9,52
21.48,27.35667,1,9,53
21.5,27.312,1,9,53
21.5,27.315,1,9,55
21.54,27.718,1,9,55
21.55,27.5,1,9,56
21.6,27.46333,1,9,58
21.6,27.46333,1,9,59
21.6,27.4725,1,10,0
21.6,27.456,1,10,1
21.6,27.5,1,10,1
21.6,27.6,1,10,2
21.6,27.54,1,10,4
21.6,27.525,1,10,5
21.6,27.56667,1,10,6
21.62,27.625,1,10,7
21.64,27.716,1,10,8
21.66,27.83,1,10,8
21.68,27.84,1,10,9
21.65,27.84,1,10,11
21.7,27.84,1,10,12
21.7,27.912,1,10,13
21.7,28.0725,1,10,14
21.7,27.9675,1,10,14
21.7,27.89333,1,10,15
21.7,27.945,1,10,17
21.7,27.912,1,10,18
21.7,27.9725,1,10,19
21.7,27.9175,1,10,20
21.7,27.89,1,10,21
21.7,27.85667,1,10,21
21.7,27.934,1,10,23
21.7,28.1,1,10,24
21.7,27.90833,1,10,25
21.7,27.96167,1,10,25
21.72,27.974,1,10,27
21.7,28.1,1,10,27
21.79,28.06667,1,10,28
21.72,28.1,1,10,30
21.76,28.08333,1,10,31
21.77,28.125,1,10,32
21.73,28.13333,1,10,33
21.78,28.05,1,10,34
21.78,28.08571,1,10,34
21.79,28.125,1,10,36
21.79,28.158,1,10,37
21.79,28.26,1,10,38
21.84,28.1,1,10,38
21.82,28.13333,1,10,40
21.87,28.252,1,10,40
21.89,28.18333,1,10,41
21.89,28.254,1,10,43
21.89,28.29,1,10,44
21.89,28.31,1,10,45
21.89,28.37571,1,10,46
21.89,28.39,1,10,46
21.89,28.37571,1,10,47
21.89,28.30667,1,10,49
21.89,28.315,1,10,50
21.89,28.31,1,10,51
21.89,28.365,1,10,52
21.91,28.37,1,10,53
21.89,28.39,1,10,53
21.89,28.445,1,10,54
21.89,28.445,1,10,56
21.89,28.5,1,10,57
21.89,28.33,1,10,58
21.91,28.30833,1,10,59
21.94,28.29,1,10,59
21.93,28.29,1,11,0
22.0,28.29,1,11,2
21.98,28.29,1,11,3
21.94,28.29,1,11,4
21.98,28.29,1,11,5
22.0,28.29,1,11,6
22.0,28.29,1,11,6
22.0,28.2,1,11,8
22.0,28.218,1,11,9
22.0,28.2225,1,11,10
22.0,28.2675,1,11,10
22.02,28.2575,1,11,12
22.06,28.274,1,11,12
22.05,28.34,1,11,13
22.1,28.39,1,11,15
22.08,28.37,1,11,16
22.1,28.39,1,11,17
22.1,28.365,1,11,18
22.06,28.35,1,11,19
22.1,28.39,1,11,19
22.08,28.35833,1,11,21
22.1,28.39,1,11,22
22.1,28.35667,1,11,23
22.1,28.372,1,11,23
22.1,28.2,1,11,25
22.1,28.2,1,11,25
22.15,28.1,1,11,26
22.1,28.2,1,11,28
22.12,28.06667,1,11,29
22.17,28.0,1,11,30
22.18,28.06,1,11,31
22.13,28.0,1,11,31
22.16,27.956,1,11,32
22.2,27.9175,1,11,34
22.18,27.945,1,11,35
22.18,27.80667,1,11,36
22.2,27.82333,1,11,37
22.2,27.79,1,11,38
22.2,27.79,1,11,38
22.2,27.772,1,11,39
22.2,27.7225,1,11,41
22.2,27.772,1,11,42
22.2,27.7225,1,11,43
22.2,27.7,1,11,44
22.18,27.7,1,11,44
22.2,27.7,1,11,45
22.2,27.7,1,11,47
22.2,27.64286,0,11,48
22.2,27.7,1,11,49
22.2,27.6,1,11,50
22.2,27.51667,1,11,51
22.2,27.5,1,11,51
22.2,27.54,1,11,53
22.2,27.56667,1,11,54
22.2,27.52,1,11,55
22.2,27.58,1,11,55
22.2,27.6,1,11,57
22.2,27.56,1,11,57
22.2,27.5,1,11,58
22.25,27.56,1,12,0
22.22,27.575,1,12,1
22.24,27.58333,1,12,2
22.25,27.54,1,12,3
22.29,27.55,1,12,4
22.29,27.5,1,12,4
22.27,27.5,1,12,6
22.29,27.48167,1,12,7
22.29,27.5,1,12,8
22.29,27.445,1,12,8
22.29,27.456,1,12,10
22.29,27.37,1,12,10
22.29,27.35667,1,12,11
22.31,27.39,1,12,13
22.33,27.37,1,12,14
22.35,27.33,1,12,15
22.39,27.29,1,12,16
22.39,27.29,1,12,16
22.39,27.254,1,12,17
22.39,27.29,0,12,19
22.39,27.2675,0,12,20
22.39,27.2,0,12,21
22.39,27.14,1,12,22
22.43,27.04,1,12,23
22.43,27.03333,1,12,23
22.43,27.03333,1,12,24
22.43,26.98167,1,12,26
22.5,27.0,1,12,27
22.5,27.0,1,12,28
22.5,26.96333,1,12,29
22.5,26.89,1,12,29
22.58,26.81,1,12,30
22.58,26.79,1,12,32
22.6,26.79,1,12,33
22.6,26.79,1,12,34
22.6,26.7225,1,12,35
22.67,26.71333,1,12,36
22.68,26.675,1,12,36
22.7,26.7,1,12,38
22.7,26.68333,1,12,39
22.72,26.6,1,12,40
22.74,26.6,1,12,40
22.74,26.55,1,12,42
22.79,26.51667,1,12,42
22.79,26.6,1,12,43
22.79,26.525,1,12,45
22.84,26.5,1,12,46
22.87,26.456,1,12,47
22.89,26.445,1,12,48
22.89,26.39,1,12,49
22.91,26.39,1,12,49
22.96,26.39,1,12,51
22.96,26.29,1,12,52
23.0,26.29,1,12,53
22.96,26.236,1,12,53
23.0,26.2,1,12,55
23.0,26.2,1,12,55
23.02,26.16,1,12,56
23.02,26.125,1,12,58
23.05,26.08333,1,12,59
23.1,26.0,1,13,0
23.1,26.0,1,13,1
23.1,26.0,1,13,1
23.14,26.0,1,13,2
23.18,26.0,1,13,4
23.2,26.0,1,13,5
23.2,26.0,1,13,6
23.2,25.945,1,13,7
23.22,25.9175,1,13,8
23.22,25.815,1,13,8
23.26,25.85667,0,13,9
23.29,25.97833,0,13,11
23.27,25.87,0,13,12
23.29,25.89,0,13,13
23.27,25.865,0,13,14
23.29,25.89,0,13,14
23.24,25.825,0,13,15
23.25,25.85,0,13,17
23.26,25.79333,0,13,18
23.27,25.772,0,13,19
23.24,25.715,0,13,20
23.29,25.7225,0,13,21
23.24,25.7,0,13,21
23.22,25.68333,0,13,23
23.22,25.68333,0,13,24
23.2,25.6,0,13,25
23.2,25.6,0,13,25
23.2,25.58,0,13,27
23.2,25.55,0,13,27
23.2,25.55,0,13,28
23.2,25.5,0,13,30
23.2,25.5,0,13,31
23.19,25.52857,0,13,32
23.2,25.7,1,13,33
23.2,25.792,0,13,34
23.2,25.65,0,13,34
23.2,25.53333,0,13,36
23.2,25.5,0,13,37
23.2,25.51667,0,13,38
23.2,25.7225,1,13,38
23.2,25.54,1,13,40
23.18,25.51667,1,13,40
23.15,25.5,1,13,41
23.2,25.5,1,13,43
23.2,25.5,1,13,44
23.18,25.5,1,13,45
23.2,25.525,1,13,46
23.2,25.58,1,13,46
23.18,25.6,1,13,47
23.18,25.7,1,13,49
23.2,25.68,1,13,50
23.2,25.7,1,13,51
23.22,25.7,1,13,52
23.23,25.715,1,13,53
23.25,25.68,1,13,53
23.27,25.7225,1,13,54
23.27,25.772,1,13,56
23.29,25.79,1,13,57
23.29,25.79,1,13,58
23.29,25.79,1,13,59
23.29,25.79,1,13,59
23.29,25.79,1,14,0
23.29,25.79,1,14,2
23.29,25.79,1,14,3
23.29,25.7675,1,14,4
23.29,25.754,1,14,5
23.29,25.79333,1,14,6
23.29,26.16,1,14,6
23.29,25.89,1,14,8
23.29,25.89,1,14,9
23.29,26.05917,1,14,10
23.29,26.22833,1,14,10
23.29,26.456,1,14,12
23.29,26.575,1,14,12
23.29,26.62,1,14,13
23.29,26.754,1,14,15
23.29,26.79,1,14,16
23.29,26.87,1,14,17
23.33,26.956,1,14,18
23.29,27.0,1,14,19
23.35,27.08,1,14,19
23.32,27.1,1,14,21
23.29,27.14,1,14,22
23.29,27.26,1,14,23
23.29,27.40833,1,14,23
23.29,27.4175,1,14,25
23.29,27.5,1,14,25
23.29,27.5,1,14,26
23.32,27.58571,1,14,28
23.29,27.65,1,14,29
23.29,27.772,1,14,30
23.29,27.7,1,14,31
23.29,27.79,1,14,31
23.33,27.874,1,14,32
23.29,27.9175,1,14,34
23.29,27.96333,1,14,35
23.3,28.01429,1,14,36
23.32,28.1,1,14,37
23.29,28.1,1,14,38
23.29,28.236,1,14,38
23.29,28.35,1,14,39
23.29,28.39,1,14,41
23.29,28.53333,1,14,42
23.29,28.575,1,14,43
23.29,28.6,1,14,44
23.29,28.68333,1,14,44
23.29,28.772,1,14,45
23.29,28.79,1,14,47
23.29,28.89,1,14,48
23.25,28.912,1,14,49
23.24,28.92,1,14,50
23.24,28.978,1,14,51
23.2,29.05,1,14,51
23.22,29.15,1,14,53
23.2,29.2,1,14,54
23.2,29.2,1,14,55
23.2,29.2,1,14,55
23.2,29.254,1,14,57
23.2,29.33,1,14,57
23.2,29.35667,1,14,58
23.14,29.456,1,15,0
23.12,29.4725,1,15,1
23.1,29.5,1,15,2
23.1,29.55,1,15,3
23.1,29.6,1,15,4
23.1,29.62,1,15,4
23.1,29.7,1,15,6
23.1,29.745,1,15,7
23.1,29.84,1,15,8
23.1,29.84,1,15,8
23.09,29.89,1,15,10
23.07,29.85667,1,15,10
23.02,29.9175,1,15,11
23.02,29.96333,1,15,13
23.0,30.0,1,15,14
23.0,30.0,1,15,15
23.0,30.0,1,15,16
23.0,30.01667,1,15,16
23.0,30.06,1,15,17
23.0,30.075,1,15,19
23.0,30.12,1,15,20
23.0,30.15,1,15,21
23.0,30.23,1,15,22
23.0,30.29,1,15,23
22.97,30.30429,1,15,23
22.92,30.29,1,15,24
22.91,30.29,1,15,26
22.91,30.30667,1,15,27
22.89,30.34,1,15,28
22.94,30.39,1,15,29
22.93,30.37333,1,15,29
22.96,30.39,1,15,30
22.94,30.39143,1,15,32
22.93,30.456,1,15,33
22.92,30.5,1,15,34
22.94,30.40571,1,15,35
22.96,30.412,1,15,36
22.89,30.445,1,15,36
22.93,30.6,1,15,38
22.91,30.6,1,15,39
22.89,30.68,1,15,40
22.94,30.7,1,15,40
22.89,30.675,1,15,42
22.89,30.675,1,15,42
22.89,30.745,1,15,43
22.89,30.79,1,15,45
22.89,30.754,1,15,46
22.89,30.79,1,15,47
22.89,30.79,1,15,48
22.89,30.79,1,15,49
22.91,30.79,1,15,49
22.89,30.89,1,15,51
22.89,30.865,1,15,52
22.89,30.89,1,15,53
22.89,30.89,1,15,53
22.89,30.89,1,15,55
22.89,30.85,1,15,55
22.89,30.79,1,15,56
22.89,30.79,1,15,58
22.89,30.85667,1,15,59
22.89,30.85667,1,16,0
22.89,30.83,1,16,1
22.89,30.865,1,16,1
22.89,30.89,1,16,2
22.89,30.89,1,16,4
22.89,30.89,1,16,5
22.86,30.84,1,16,6
22.89,30.89,1,16,7
22.84,30.84,1,16,8
22.79,30.81,1,16,8
22.79,30.84,1,16,9
22.79,30.83,1,16,11
22.79,30.89,1,16,12
22.79,30.89,1,16,13
22.79,30.9175,1,16,14
22.79,30.89,1,16,14
22.79,30.89,1,16,15
22.79,30.89,1,16,17
22.79,30.89,1,16,18
22.79,30.934,1,16,19
22.79,30.89,1,16,20
22.79,31.0,1,16,21
22.79,31.0,1,16,21
22.77,31.02,1,16,23
22.79,31.05,1,16,24
22.77,31.125,1,16,25
22.79,31.08333,1,16,25
22.79,31.075,1,16,27
22.79,31.11429,1,16,27
22.74,31.15,1,16,28
22.77,31.2,1,16,30
22.79,31.2,1,16,31
22.74,31.2,1,16,32
22.72,31.2,1,16,33
22.74,31.29,1,16,34
22.73,31.16667,1,16,34
22.73,31.21333,1,16,36
22.7,31.1,1,16,37
22.7,31.12,1,16,38
22.72,31.2,1,16,38
22.7,31.16667,1,16,40
22.72,31.2,1,16,40
22.72,31.2,1,16,41
22.7,31.2,1,16,43
22.74,31.2225,1,16,44
22.7,31.272,1,16,45
22.7,31.245,1,16,46
22.7,31.2675,1,16,46
22.7,31.29,1,16,47
22.7,31.29,1,16,49
22.7,31.29,1,16,50
22.7,31.29,1,16,51
22.7,31.29,1,16,52
22.7,31.29,1,16,53
22.7,31.29,1,16,53
22.7,31.37571,1,16,54
22.7,31.39,1,16,56
22.7,31.39,1,16,57
22.7,31.37,1,16,58
22.7,31.4175,1,16,59
22.7,31.39,1,16,59
22.72,31.365,1,17,0
22.7,31.4175,1,17,2
22.7,31.4725,1,17,3
22.7,31.37857,1,17,4
22.7,31.29,1,17,5
22.7,31.29,1,17,6
22.7,31.29,1,17,6
22.7,31.236,1,17,8
22.72,31.315,1,17,9
22.7,31.27,1,17,10
22.7,31.275,1,17,10
22.7,31.18,1,17,12
22.7,31.2,1,17,12
22.7,31.15,1,17,13
22.7,31.2,1,17,15
22.7,31.2,1,17,16
22.7,31.1,1,17,17
22.7,31.1,1,17,18
22.7,31.1,1,17,19
22.7,31.05,1,17,19
22.7,31.1,1,17,21
22.7,31.1,1,17,22
22.7,31.01667,1,17,23
22.7,31.05,1,17,23
22.72,30.9725,1,17,25
22.74,30.934,1,17,25
22.77,31.0,1,17,26
22.73,31.0,1,17,28
22.72,31.0,1,17,29
22.7,31.0,1,17,30
22.7,30.912,1,17,31
22.7,30.945,1,17,31
22.7,30.956,1,17,32
22.7,30.9725,1,17,34
22.7,30.89,1,17,35
22.7,30.87333,1,17,36
22.66,30.83,1,17,37
22.68,30.87,1,17,38
22.7,30.89,1,17,38
22.7,30.79,1,17,39
22.68,30.7225,1,17,41
22.68,30.745,1,17,42
22.7,30.7675,1,17,43
22.68,30.7225,1,17,44
22.7,30.7,1,17,44
22.65,30.65,1,17,45
22.7,30.675,1,17,47
22.6,30.58333,1,17,48
22.6,30.575,1,17,49
22.6,30.6,1,17,50
22.6,30.6,1,17,51
22.6,30.55,1,17,51
22.6,30.58,1,17,53
22.6,30.56667,1,17,54
22.6,30.4725,1,17,55
22.6,30.445,1,17,55
22.6,30.4725,1,17,57
22.6,30.37,1,17,57
22.6,30.315,1,17,58
22.6,30.365,1,18,0
22.6,30.275,1,18,1
22.6,30.245,1,18,2
22.6,30.254,1,18,3
22.6,30.18,1,18,4
22.6,30.16667,1,18,4
22.6,30.1,1,18,6
22.6,30.14,1,18,7
22.6,30.1,1,18,8
22.6,30.1,1,18,8
22.6,30.1,1,18,10
22.6,30.18167,1,18,10
22.6,30.1,1,18,11
22.6,30.1225,0,18,13
22.58,30.05,0,18,14
22.5,30.1,0,18,15
22.5,30.1,0,18,16
22.5,30.1,0,18,16
22.44,30.1,0,18,17
22.39,30.075,0,18,19
22.39,30.1,0,18,20
22.39,30.05,0,18,21
22.36,30.075,0,18,22
22.36,30.1,0,18,23
22.29,30.0,0,18,23
22.27,29.945,0,18,24
22.24,29.9725,0,18,26
22.2,29.815,0,18,27
22.2,29.84,0,18,28
22.2,29.85667,0,18,29
22.12,29.79,0,18,29
22.1,29.79,0,18,30
22.1,29.745,0,18,32
22.1,29.7,0,18,33
22.1,29.6,0,18,34
22.02,29.525,0,18,35
22.0,29.46333,0,18,36
22.0,29.39,0,18,36
22.0,29.39,0,18,38
21.92,29.29,0,18,39
21.89,29.2675,0,18,40
21.96,29.2,0,18,40
21.89,29.2,0,18,42
21.89,29.2,0,18,42
21.89,29.2,0,18,43
21.89,29.16,0,18,45
21.89,29.2,0,18,46
21.89,29.2,0,18,47
21.79,29.0,0,18,48
21.81,29.0,0,18,49
21.82,29.0,0,18,49
21.79,28.9725,0,18,51
21.79,28.89,0,18,52
21.72,28.89,0,18,53
21.7,28.89,0,18,53
21.7,28.89,0,18,55
21.7,28.865,0,18,55
21.7,28.865,0,18,56
21.7,28.89,0,18,58
21.7,28.79,0,18,59
21.7,28.815,0,19,0
21.68,28.79,0,19,1
21.68,28.7675,0,19,1
21.63,28.73,0,19,2
21.6,28.65,0,19,4
21.6,28.675,0,19,5
21.6,28.63333,0,19,6
21.6,28.6,0,19,7
21.6,28.6,0,19,8
21.6,28.56,0,19,8
21.6,28.5,0,19,9
21.6,28.5,0,19,11
21.6,28.5,0,19,12
21.6,28.5,0,19,13
21.6,28.478,0,19,14
21.6,28.4725,0,19,14
21.6,28.39,0,19,15
21.6,28.39,0,19,17
21.58,28.35,0,19,18
21.6,28.29,0,19,19
21.56,28.29,0,19,20
21.53,28.29,0,19,21
21.5,28.29,0,19,21
21.5,28.2675,0,19,23
21.5,28.23,0,19,24
21.5,28.26,0,19,25
21.5,28.2,0,19,25
21.5,28.175,0,19,27
21.5,28.1,0,19,27
21.5,28.1,0,19,28
21.5,28.1,0,19,30
21.5,28.05,0,19,31
21.5,28.075,0,19,32
21.5,28.1,0,19,33
21.5,28.03333,0,19,34
21.42,27.945,0,19,34
21.39,27.89,0,19,36
21.42,27.9175,0,19,37
21.39,27.89,0,19,38
21.39,27.89,0,19,38
21.39,27.89,0,19,40
21.36,27.89,0,19,40
21.39,27.79,0,19,41
21.39,27.85667,0,19,43
21.29,27.85,0,19,44
21.29,27.79,0,19,45
21.29,27.79,0,19,46
21.34,27.79,0,19,46
21.29,27.79,0,19,47
21.29,27.79,0,19,49
21.29,27.79,0,19,50
21.29,27.79,0,19,51
21.29,27.79,0,19,52
21.29,27.79,0,19,53
21.29,27.7675,0,19,53
21.29,27.79,0,19,54
21.24,27.745,0,19,56
21.22,27.718,0,19,57
21.23,27.7,0,19,58
21.2,27.7,0,19,59
21.2,27.7,0,19,59
21.2,27.65,0,20,0
21.2,27.6,0,20,2
21.2,27.6,0,20,3
21.2,27.575,0,20,4
21.2,27.6,0,20,5
21.2,27.54,0,20,6
21.2,27.5,0,20,6
21.2,27.5,0,20,8
21.2,27.4725,0,20,9
21.2,27.5,0,20,10
21.2,27.4725,0,20,10
21.2,27.365,0,20,12
21.2,27.34,0,20,12
21.2,27.34,0,20,13
21.2,27.29,0,20,15
21.2,27.29,0,20,16
21.2,27.29,0,20,17
21.2,27.2675,0,20,18
21.2,27.245,0,20,19
21.2,27.245,0,20,19
21.2,27.2,0,20,21
21.2,27.2,0,20,22
21.2,27.2,0,20,23
21.2,27.15,0,20,23
21.2,27.14,0,20,25
21.2,27.1,0,20,25
21.2,27.1,0,20,26
21.2,27.1,0,20,28
21.2,27.025,0,20,29
21.2,27.0,0,20,30
21.2,27.0,0,20,31
21.2,27.0,0,20,31
21.2,27.0,0,20,32
21.2,27.0,0,20,34
21.2,27.0,0,20,35
21.2,26.85667,0,20,36
21.2,26.89,0,20,37
21.2,26.89,0,20,38
21.2,26.89,0,20,38
21.2,26.815,0,20,39
21.2,26.79,0,20,41
21.17,26.79,0,20,42
21.2,26.79,0,20,43
21.16,26.79,0,20,44
21.2,26.79,0,20,44
21.15,26.79,0,20,45
21.18,26.79,0,20,47
21.12,26.79,0,20,48
21.2,26.745,0,20,49
21.15,26.7,0,20,50
21.1,26.7,0,20,51
21.12,26.675,0,20,51
21.12,26.6,0,20,53
21.12,26.625,0,20,54
21.1,26.625,0,20,55
21.1,26.6,0,20,55
21.1,26.6,0,20,57
21.1,26.6,0,20,57
21.1,26.6,0,20,58
21.1,26.6,0,21,0
21.1,26.6,0,21,1
21.1,26.6,0,21,2
21.1,26.6,0,21,3
21.1,26.575,0,21,4
21.1,26.55,0,21,4
21.1,26.5,0,21,6
21.1,26.5,0,21,7
21.08,26.4725,0,21,8
21.1,26.5,0,21,8
21.06,26.412,0,21,10
21.07,26.46333,0,21,10
21.08,26.478,0,21,11
21.08,26.39,0,21,13
21.08,26.4175,0,21,14
21.05,26.39,0,21,15
21.08,26.4175,0,21,16
21.0,26.29,0,21,16
21.0,26.29,0,21,17
21.03,26.32333,0,21,19
21.02,26.315,0,21,20
21.05,26.34,0,21,21
21.02,26.315,0,21,22
21.02,26.315,0,21,23
21.05,26.29,0,21,23
21.0,26.2675,0,21,24
21.0,26.26,0,21,26
21.0,26.29,0,21,27
21.0,26.236,0,21,28
21.0,26.2675,0,21,29
21.0,26.2,0,21,29
21.0,26.2,0,21,30
21.0,26.2,0,21,32
21.0,26.2,0,21,33
21.0,26.16667,0,21,34
21.0,26.125,0,21,35
21.0,26.125,0,21,36
21.0,26.1,0,21,36
21.0,26.15,0,21,38
21.0,26.1,0,21,39
21.0,26.1,0,21,40
21.0,26.1,0,21,40
21.0,26.1,0,21,42
21.0,26.1,0,21,42
21.0,26.0,0,21,43
21.0,26.0,0,21,45
21.0,26.0,0,21,46
21.0,26.0,0,21,47
21.0,26.0,0,21,48
21.0,26.0,0,21,49
21.0,26.0,0,21,49
21.0,26.0,0,21,51
21.0,25.956,0,21,52
21.0,26.0,0,21,53
21.0,26.0,0,21,53
21.0,25.934,0,21,55
21.0,25.89,0,21,55
21.0,25.89,0,21,56
20.96,25.89,0,21,58
21.0,25.89,0,21,59
21.0,25.89,0,22,0
21.0,25.89,0,22,1
20.94,25.89,0,22,1
20.96,25.89,0,22,2
20.97,25.815,0,22,4
21.0,25.815,0,22,5
21.0,25.815,0,22,6
20.98,25.83,0,22,7
20.96,25.79,0,22,8
20.93,25.79,0,22,8
20.94,25.79,0,22,9
20.94,25.79,0,22,11
20.89,25.79,0,22,12
20.92,25.745,0,22,13
20.89,25.7225,0,22,14
20.96,25.7,0,22,14
20.89,25.7,0,22,15
20.91,25.7,0,22,17
20.89,25.7,0,22,18
20.89,25.7,0,22,19
20.89,25.7,0,22,20
20.89,25.7,0,22,21
20.89,25.7,0,22,21
20.92,25.7,0,22,23
20.89,25.7,0,22,24
20.89,25.7,0,22,25
20.89,25.7,0,22,25
20.89,25.7,0,22,27
20.89,25.7,0,22,27
20.89,25.6,0,22,28
20.86,25.575,0,22,30
20.89,25.6,0,22,31
20.89,25.6,0,22,32
20.87,25.58,0,22,33
20.89,25.6,0,22,34
20.89,25.6,0,22,34
20.89,25.525,0,22,36
20.89,25.525,0,22,37
20.89,25.5,0,22,38
20.89,25.5,0,22,38
20.89,25.5,0,22,40
20.89,25.5,0,22,40
20.89,25.5,0,22,41
20.86,25.46333,0,22,43
20.89,25.4725,0,22,44
20.89,25.39,0,22,45
20.89,25.4175,0,22,46
20.89,25.39,0,22,46
20.89,25.39,0,22,47
20.89,25.39,0,22,49
20.89,25.39,0,22,50
20.89,25.39,0,22,51
20.86,25.35667,0,22,52
20.86,25.35667,0,22,53
20.86,25.365,0,22,53
20.89,25.39,0,22,54
20.89,25.37,0,22,56
20.89,25.35667,0,22,57
20.89,25.29,0,22,58
20.89,25.315,0,22,59
20.89,25.29,0,22,59
20.86,25.2675,0,23,0
20.89,25.29,0,23,2
20.89,25.2675,0,23,3
20.89,25.218,0,23,4
20.89,25.29,0,23,5
20.89,25.29,0,23,6
20.89,25.29,0,23,6
20.92,25.245,0,23,8
20.89,25.2,0,23,9
20.89,25.218,0,23,10
20.89,25.2,0,23,10
20.89,25.2225,0,23,12
20.92,25.2,0,23,12
20.89,25.2,0,23,13
20.89,25.2,0,23,15
20.89,25.2,0,23,16
20.89,25.2,0,23,17
20.89,25.2,0,23,18
20.89,25.2,0,23,19
20.89,25.2,0,23,19
20.89,25.13333,0,23,21
20.89,25.16,0,23,22
20.92,25.125,0,23,23
20.92,25.1,0,23,23
20.92,25.1,0,23,25
20.89,25.1,0,23,25
20.89,25.1,0,23,26
20.89,25.1,0,23,28
20.89,25.08,0,23,29
20.89,25.125,0,23,30
20.89,25.1,0,23,31
20.89,25.08,0,23,31
20.89,25.06667,0,23,32
20.89,25.0,0,23,34
20.89,25.025,0,23,35
20.89,25.05,0,23,36
20.89,25.0,0,23,37
20.89,25.025,0,23,38
20.89,25.0,0,23,38
20.89,25.0,0,23,39
20.89,25.0,0,23,41
20.89,25.0,0,23,42
20.89,25.0,0,23,43
20.89,25.0,0,23,44
20.89,25.0,0,23,44
20.89,25.0,0,23,45
20.89,25.0,0,23,47
20.89,25.0,0,23,48
20.89,25.0,0,23,49
20.89,24.9725,0,23,50
20.86,24.92,0,23,51
20.89,24.9175,0,23,51
20.89,24.9725,0,23,53
20.89,24.945,0,23,54
20.89,24.89,0,23,55
20.89,24.89,0,23,55
20.89,24.89,0,23,57
20.89,24.89,0,23,57
20.89,24.89,0,23,58
20.89,24.92667,0,0,0
20.89,24.934,0,0,1
20.89,24.92667,0,0,2
20.83,24.87,0,0,3
20.89,24.89,0,0,4
20.84,24.8925,0,0,4
20.89,24.945,0,0,6
20.86,24.865,0,0,7
20.89,25.0,0,0,8
20.87,24.934,0,0,8
20.84,24.92,0,0,10
20.89,24.9725,0,0,10
20.86,24.92667,0,0,11
20.86,24.9725,0,0,13
20.86,24.85667,0,0,14
20.86,24.9175,0,0,15
20.89,24.912,0,0,16
20.89,24.92667,0,0,16
20.89,25.0,0,0,17
20.86,24.8925,0,0,19
20.89,24.92667,0,0,20
20.89,24.978,0,0,21
20.85,24.956,0,0,22
20.89,25.0,0,0,23
20.89,25.0,0,0,23
20.87,24.978,0,0,24
20.86,24.92667,0,0,26
20.86,24.9725,0,0,27
20.83,24.934,0,0,28
20.82,24.92667,0,0,29
20.89,25.0,0,0,29
20.87,24.978,0,0,30
20.84,24.92,0,0,32
20.84,24.945,0,0,33
20.82,24.92667,0,0,34
20.82,24.92667,0,0,35
20.81,24.912,0,0,36
20.79,24.89,0,0,36
20.86,24.9725,0,0,38
20.86,24.93,0,0,39
20.84,24.945,0,0,40
20.79,24.9175,0,0,40
20.79,24.89,0,0,42
20.79,24.92667,0,0,42
20.81,24.956,0,0,43
20.79,24.89,0,0,45
20.79,24.978,0,0,46
20.79,24.96333,0,0,47
20.79,25.0,0,0,48
20.79,25.0,0,0,49
20.84,25.0,0,0,49
20.79,25.0,0,0,51
20.79,25.0,0,0,52
20.82,24.92667,0,0,53
20.79,25.0,0,0,53
20.79,25.0,0,0,55
20.79,25.0,0,0,55
20.79,25.0,0,0,56
20.79,25.0,0,0,58
20.79,25.0,0,0,59
20.79,25.0,0,1,0
20.79,25.0,0,1,1
20.79,25.0,0,1,1
20.79,25.0,0,1,2
20.79,25.0,0,1,4
20.79,24.96333,0,1,5
20.82,24.945,0,1,6
20.81,24.934,0,1,7
20.79,24.9725,0,1,8
20.79,24.96333,0,1,8
20.79,24.89,0,1,9
20.79,24.89,0,1,11
20.79,24.9725,0,1,12
20.79,24.89,0,1,13
20.79,24.89,0,1,14
20.79,24.912,0,1,14
20.79,24.89,0,1,15
20.79,24.89,0,1,17
20.79,24.945,0,1,18
20.79,24.956,0,1,19
20.79,24.96333,0,1,20
20.79,24.9725,0,1,21
20.79,24.945,0,1,21
20.79,24.89,0,1,23
20.79,24.89,0,1,24
20.79,24.89,0,1,25
20.79,24.945,0,1,25
20.79,25.0,0,1,27
20.79,25.0,0,1,27
20.76,25.0,0,1,28
20.77,25.0,0,1,30
20.74,25.0,0,1,31
20.77,25.0,0,1,32
20.77,25.0,0,1,33
20.77,25.0,0,1,34
20.79,25.0,0,1,34
20.79,25.0,0,1,36
20.77,25.0,0,1,37
20.79,25.0,0,1,38
20.73,25.06667,0,1,38
20.72,25.04,0,1,40
20.73,25.06667,0,1,40
20.72,25.1,0,1,41
20.7,25.075,0,1,43
20.74,25.1,0,1,44
20.73,25.1,0,1,45
20.7,25.05,0,1,46
20.73,25.1,0,1,46
20.7,25.1,0,1,47
20.7,25.1,0,1,49
20.7,25.1,0,1,50
20.7,25.1,0,1,51
20.7,25.1,0,1,52
20.7,25.1,0,1,53
20.7,25.1,0,1,53
20.7,25.1,0,1,54
20.7,25.1,0,1,56
20.7,25.1,0,1,57
20.7,25.1,0,1,58
20.7,25.1,0,1,59
20.68,25.12,0,1,59
20.7,25.125,0,2,0
20.68,25.1,0,2,2
20.7,25.1,0,2,3
20.7,25.1,0,2,4
20.7,25.1,0,2,5
20.68,25.1,0,2,6
20.67,25.1,0,2,6
20.7,25.1,0,2,8
20.7,25.1,0,2,9
20.7,25.1,0,2,10
20.7,25.1,0,2,10
20.7,25.1,0,2,12
20.66,25.1,0,2,12
20.63,25.1,0,2,13
20.62,25.1,0,2,15
20.68,25.175,0,2,16
20.68,25.125,0,2,17
20.7,25.1,0,2,18
20.7,25.1,0,2,19
20.7,25.1,0,2,19
20.7,25.1,0,2,21
20.65,25.075,0,2,22
20.7,25.1,0,2,23
20.68,25.075,0,2,23
20.7,25.1,0,2,25
20.68,25.075,0,2,25
20.7,25.1,0,2,26
20.65,25.05,0,2,28
20.7,25.1,0,2,29
20.7,25.1,0,2,30
20.7,25.1,0,2,31
20.7,25.0,0,2,31
20.7,25.0,0,2,32
20.7,25.0,0,2,34
20.7,25.0,0,2,35
20.7,25.0,0,2,36
20.7,25.0,0,2,37
20.7,25.0,0,2,38
20.7,25.0,0,2,38
20.7,25.0,0,2,39
20.7,25.0,0,2,41
20.7,25.0,0,2,42
20.7,25.0,0,2,43
20.7,25.0,0,2,44
20.7,25.0,0,2,44
20.7,25.0,0,2,45
20.7,25.0,0,2,47
20.7,25.0,0,2,48
20.7,25.0,0,2,49
20.7,25.0,0,2,50
20.7,24.96333,0,2,51
20.7,24.98167,0,2,51
20.7,24.9725,0,2,53
20.7,24.9725,0,2,54
20.7,25.0,0,2,55
20.7,25.0,0,2,55
20.7,24.89,0,2,57
20.7,24.89,0,2,57
20.7,24.85,0,2,58
20.7,24.89,0,3,0
20.7,24.84,0,3,1
20.7,24.79,0,3,2
20.7,24.865,0,3,3
20.7,24.815,0,3,4
20.7,24.87,0,3,4
20.7,24.79,0,3,6
20.7,24.79,0,3,7
20.7,24.79,0,3,8
20.7,24.79,0,3,8
20.74,24.79,0,3,10
20.7,24.79,0,3,10
20.7,24.79,0,3,11
20.7,24.79,0,3,13
20.7,24.79,0,3,14
20.7,24.79,0,3,15
20.7,24.79,0,3,16
20.7,24.79,0,3,16
20.7,24.79,0,3,17
20.7,24.79,0,3,19
20.7,24.79,0,3,20
20.7,24.754,0,3,21
20.7,24.7675,0,3,22
20.7,24.76,0,3,23
20.7,24.7225,0,3,23
20.7,24.7,0,3,24
20.7,24.7,0,3,26
20.7,24.675,0,3,27
20.7,24.675,0,3,28
20.7,24.6,0,3,29
20.7,24.6,0,3,29
20.7,24.6,0,3,30
20.7,24.65,0,3,32
20.7,24.65,0,3,33
20.7,24.66,0,3,34
20.7,24.7,0,3,35
20.7,24.65,0,3,36
20.7,24.66667,0,3,36
20.7,24.63333,0,3,38
20.7,24.6,0,3,39
20.7,24.6,0,3,40
20.7,24.6,0,3,40
20.7,24.63333,0,3,42
20.7,24.7,0,3,42
20.7,24.6,0,3,43
20.7,24.6,0,3,45
20.7,24.64,0,3,46
20.7,24.6,0,3,47
20.7,24.6,0,3,48
20.7,24.6,0,3,49
20.7,24.62857,0,3,49
20.7,24.63333,0,3,51
20.7,24.625,0,3,52
20.7,24.6,0,3,53
20.7,24.6,0,3,53
20.7,24.6,0,3,55
20.7,24.6,0,3,55
20.7,24.6,0,3,56
20.7,24.6,0,3,58
20.7,24.6,0,3,59
20.7,24.6,0,4,0
20.7,24.6,0,4,1
20.7,24.6,0,4,1
20.7,24.6,0,4,2
20.7,24.6,0,4,4
20.7,24.6,0,4,5
20.7,24.6,0,4,6
20.7,24.6,0,4,7
20.7,24.6,0,4,8
20.7,24.6,0,4,8
20.7,24.6,0,4,9
20.7,24.6,0,4,11
20.7,24.6,0,4,12
20.7,24.6,0,4,13
20.7,24.575,0,4,14
20.7,24.5,0,4,14
20.7,24.53333,0,4,15
20.7,24.575,0,4,17
20.7,24.6,0,4,18
20.7,24.5,0,4,19
20.7,24.5,0,4,20
20.7,24.53333,0,4,21
20.7,24.56,0,4,21
20.7,24.53333,0,4,23
20.7,24.6,0,4,24
20.7,24.6,0,4,25
20.7,24.6,0,4,25
20.7,24.56667,0,4,27
20.7,24.5,0,4,27
20.7,24.5,0,4,28
20.7,24.5,0,4,30
20.7,24.5,0,4,31
20.7,24.5,0,4,32
20.7,24.5,0,4,33
20.7,24.5,0,4,34
20.7,24.5,0,4,34
20.7,24.5,0,4,36
20.7,24.5,0,4,37
20.7,24.5,0,4,38
20.7,24.5,0,4,38
20.7,24.5,0,4,40
20.7,24.5,0,4,40
20.7,24.5,0,4,41
20.7,24.5,0,4,43
20.7,24.5,0,4,44
20.7,24.5,0,4,45
20.7,24.5,0,4,46
20.7,24.5,0,4,46
20.7,24.5,0,4,47
20.7,24.5,0,4,49
20.7,24.5,0,4,50
20.7,24.5,0,4,51
20.7,24.5,0,4,52
20.7,24.5,0,4,53
20.7,24.5,0,4,53
20.7,24.5,0,4,54
20.7,24.5,0,4,56
20.7,24.5,0,4,57
20.7,24.5,0,4,58
20.7,24.5,0,4,59
20.62,24.412,0,4,59
20.7,24.5,0,5,0
20.7,24.5,0,5,2
20.68,24.4725,0,5,3
20.67,24.46333,0,5,4
20.62,24.4175,0,5,5
20.7,24.5,0,5,6
20.68,24.478,0,5,6
20.67,24.46333,0,5,8
20.7,24.5,0,5,9
20.7,24.5,0,5,10
20.68,24.4725,0,5,10
20.7,24.5,0,5,12
20.68,24.4725,0,5,12
20.7,24.5,0,5,13
20.63,24.42667,0,5,15
20.67,24.46333,0,5,16
20.6,24.39,0,5,17
20.67,24.46333,0,5,18
20.68,24.4725,0,5,19
20.64,24.434,0,5,19
20.7,24.5,0,5,21
20.67,24.46333,0,5,22
20.64,24.434,0,5,23
20.6,24.39,0,5,23
20.65,24.445,0,5,25
20.62,24.4175,0,5,25
20.6,24.39,0,5,26
20.6,24.39,0,5,28
20.6,24.39,0,5,29
20.6,24.39,0,5,30
20.6,24.39,0,5,31
20.62,24.4175,0,5,31
20.6,24.39,0,5,32
20.62,24.4175,0,5,34
20.62,24.412,0,5,35
20.62,24.4175,0,5,36
20.62,24.4175,0,5,37
20.6,24.39,0,5,38
20.6,24.39,0,5,38
20.6,24.39,0,5,39
20.6,24.39,0,5,41
20.6,24.39,0,5,42
20.6,24.34,0,5,43
20.6,24.39,0,5,44
20.6,24.39,0,5,44
20.6,24.39,0,5,45
20.6,24.365,0,5,47
20.6,24.34,0,5,48
20.6,24.39,0,5,49
20.6,24.365,0,5,50
20.62,24.32333,0,5,51
20.63,24.32333,0,5,51
20.62,24.315,0,5,53
20.66,24.312,0,5,54
20.6,24.2,0,5,55
20.6,24.2,0,5,55
20.6,24.2,0,5,57
20.62,24.2925,0,5,57
20.62,24.236,0,5,58
20.6,24.2,0,6,0
20.6,24.2,0,6,1
20.6,24.2,0,6,2
20.6,24.2,0,6,3
20.6,24.2,0,6,4
20.6,24.2,0,6,4
20.63,24.23,0,6,6
20.6,24.2,0,6,7
20.6,24.2,0,6,8
20.6,24.2,0,6,8
20.6,24.2,0,6,10
20.6,24.2,0,6,10
20.6,24.2,0,6,11
20.58,24.2,0,6,13
20.6,24.2,0,6,14
20.6,24.2,0,6,15
20.6,24.2,0,6,16
20.6,24.2,0,6,16
20.58,24.2,0,6,17
20.53,24.2,0,6,19
20.55,24.2,0,6,20
20.58,24.2,0,6,21
20.56,24.2,0,6,22
20.52,24.2,0,6,23
20.53,24.2,0,6,23
20.55,24.2,0,6,24
20.6,24.2,0,6,26
20.6,24.1,0,6,27
20.6,24.175,0,6,28
20.6,24.1,0,6,29
20.67,24.16667,0,6,29
20.6,24.1,0,6,30
20.6,24.1,0,6,32
20.6,24.1,0,6,33
20.6,24.1,0,6,34
20.6,24.1,0,6,35
20.6,24.03333,0,6,36
20.6,24.08,0,6,36
20.63,24.06667,0,6,38
20.6,24.05,0,6,39
20.62,24.05,0,6,40
20.6,24.0,0,6,40
20.6,24.05,0,6,42
20.6,24.0,0,6,42
20.6,24.02,0,6,43
20.58,24.075,0,6,45
20.52,24.1,0,6,46
20.57,24.1,0,6,47
20.52,24.1,0,6,48
20.54,24.1,0,6,49
20.5,24.1,0,6,49
20.5,24.15,0,6,51
20.52,24.1,0,6,52
20.5,24.2,0,6,53
20.5,24.2,0,6,53
20.5,24.2,0,6,55
20.52,24.1,0,6,55
20.54,24.1,0,6,56
20.5,24.1,0,6,58
20.57,24.1,0,6,59
20.5,24.1,0,7,0
20.5,24.1,0,7,1
20.52,24.1,0,7,1
20.5,24.1,0,7,2
20.5,24.1,0,7,4
20.5,24.1,0,7,5
20.5,24.1,0,7,6
20.52,24.1,0,7,7
20.5,24.1,0,7,8
20.5,24.1,0,7,8
20.5,24.1,0,7,9
20.5,24.1,0,7,11
20.5,24.1,0,7,12
20.47,24.05,0,7,13
20.5,24.075,0,7,14
20.47,24.0225,0,7,14
20.43,23.96,0,7,15
20.47,23.9975,0,7,17
20.46,23.956,0,7,18
20.5,24.0,0,7,19
20.48,23.978,0,7,20
20.44,23.945,0,7,21
20.5,24.0,0,7,21
20.39,23.89,0,7,23
20.47,23.89,0,7,24
20.5,23.89,0,7,25
20.46,23.85,0,7,25
20.43,23.82333,0,7,27
20.46,23.85667,0,7,27
20.44,23.82333,0,7,28
20.44,23.8175,0,7,30
20.42,23.7475,0,7,31
20.43,23.76,0,7,32
20.42,23.7225,0,7,33
20.47,23.7675,0,7,34
20.39,23.7,0,7,34
20.43,23.736,0,7,36
20.43,23.73,0,7,37
20.39,23.7,1,7,38
20.42,23.7225,1,7,38
20.47,23.7675,1,7,40
20.48,23.89,1,7,40
20.5,23.89,1,7,41
20.5,23.89,1,7,43
20.5,23.89,1,7,44
20.55,23.945,1,7,45
20.52,24.0,1,7,46
20.52,24.0,1,7,46
20.6,24.08333,0,7,47
20.6,24.1,0,7,49
20.6,24.175,0,7,50
20.6,24.2,0,7,51
20.6,24.2,0,7,52
20.63,24.23,1,7,53
20.66,24.2,1,7,53
20.62,24.175,1,7,54
20.66,24.216,1,7,56
20.68,24.34,1,7,57
20.7,24.5,1,7,58
20.7,24.65,1,7,59
20.7,24.7,1,7,59
20.7,24.7675,1,8,0
20.71,24.79,1,8,2
20.7,24.79,1,8,3
20.75,24.87,1,8,4
20.78,24.89,1,8,5
20.77,24.956,1,8,6
20.79,24.978,1,8,6
20.79,25.0,1,8,8
20.79,24.9975,1,8,9
20.81,25.02,1,8,10
20.86,25.075,1,8,10
20.82,25.03333,1,8,12
20.86,25.06667,1,8,12
20.84,25.05,1,8,13
20.87,25.16,1,8,15
20.89,25.2,1,8,16
20.87,25.275,1,8,17
20.84,25.1975,1,8,18
20.89,25.272,1,8,19
20.86,25.365,1,8,19
20.84,25.34,1,8,21
20.87,25.37333,1,8,22
20.87,25.37,1,8,23
20.84,25.34,1,8,23
20.86,25.365,1,8,25
20.89,25.39,1,8,25
20.89,25.35,1,8,26
20.89,25.33,1,8,28
20.89,25.34,1,8,29
20.91,25.39,1,8,30
20.94,25.39,1,8,31
20.97,25.39,1,8,31
20.96,25.39,0,8,32
21.0,25.39,0,8,34
21.0,25.412,0,8,35
21.0,25.39,0,8,36
21.0,25.35667,0,8,37
21.0,25.29,0,8,38
21.0,25.29,0,8,38
21.0,25.245,1,8,39
21.0,25.2,1,8,41
21.0,25.2,1,8,42
21.0,25.2,1,8,43
21.02,25.2225,1,8,44
21.08,25.2,1,8,44
21.07,25.2,1,8,45
21.12,25.2,1,8,47
21.15,25.2225,1,8,48
21.2,25.22833,1,8,49
21.2,25.18,1,8,50
21.2,25.1,1,8,51
21.2,25.14,1,8,51
21.22,25.215,1,8,53
21.2,25.2,1,8,54
21.2,25.2,1,8,55
21.2,25.218,1,8,55
21.22,25.29167,0,8,57
21.2,25.29,0,8,57
21.2,25.35667,1,8,58
21.2,25.37,1,9,0
21.22,25.34,1,9,1
21.24,25.33,1,9,2
21.29,25.4725,1,9,3
21.29,25.42667,1,9,4
21.27,25.412,1,9,4
21.29,25.575,1,9,6
21.29,25.6725,1,9,7
21.34,25.79,1,9,8
21.41,25.872,1,9,8
21.5,26.0,1,9,10
21.5,26.08,1,9,10
21.6,26.15,1,9,11
21.66,26.216,1,9,13
21.7,26.2675,1,9,14
21.72,26.2225,1,9,15
21.79,26.39,1,9,16
21.81,26.274,1,9,16
21.86,26.315,1,9,17
21.89,26.315,1,9,19
21.89,26.315,1,9,20
21.94,26.2225,1,9,21
22.0,26.12,1,9,22
22.0,26.06667,1,9,23
22.09,26.12857,1,9,23
22.1,26.1,1,9,24
22.1,26.1,1,9,26
22.14,25.998,1,9,27
22.2,26.0,0,9,28
22.29,25.96333,0,9,29
22.29,25.89,1,9,29
22.29,25.85667,1,9,30
22.32,25.80667,1,9,32
22.39,25.7,1,9,33
22.39,25.68,1,9,34
22.44,25.65,1,9,35
22.5,25.66667,1,9,36
22.5,25.6,1,9,36
22.57,25.6,1,9,38
22.6,25.6,1,9,39
22.6,25.4725,1,9,40
22.7,25.5,1,9,40
22.7,25.456,1,9,42
22.72,25.4175,1,9,42
22.77,25.315,1,9,43
22.79,25.456,1,9,45
22.82,25.39333,1,9,46
22.89,25.39,1,9,47
22.89,25.39,1,9,48
22.91,25.39,1,9,49
22.97,25.39,1,9,49
23.0,25.39,1,9,51
23.02,25.4175,1,9,52
23.1,25.5,1,9,53
23.1,25.5,1,9,53
23.2,25.5,1,9,55
23.2,25.5,1,9,55
23.2,25.5,1,9,56
23.29,25.6,1,9,58
23.29,25.6,1,9,59
23.31,25.6,1,10,0
23.39,25.6,1,10,1
23.36,25.6,1,10,1
23.39,25.6,1,10,2
23.46,25.66,1,10,4
23.5,25.718,1,10,5
23.58,25.736,1,10,6
23.6,25.89,1,10,7
23.64,25.954,1,10,8
23.67,26.06667,1,10,8
23.7,26.12,1,10,9
23.72,26.1,1,10,11
23.79,26.125,1,10,12
23.74,26.2,1,10,13
23.79,26.31,1,10,14
23.79,26.315,1,10,14
23.89,26.39,1,10,15
23.89,26.365,1,10,17
23.89,26.29,1,10,18
23.98,26.37571,1,10,19
24.0,26.365,1,10,20
24.05,26.34,1,10,21
24.08,26.37,1,10,21
24.1,26.56667,1,10,23
24.1,26.4725,1,10,24
24.1,26.154,1,10,25
24.1,25.958,1,10,25
24.1,25.918,1,10,27
24.1,25.8925,1,10,27
24.1,25.832,1,10,28
24.18,25.84,1,10,30
24.2,25.89167,1,10,31
24.2,25.89,1,10,32
24.2,25.89,1,10,33
24.2,25.89,1,10,34
24.22,25.912,1,10,34
24.26,25.89167,1,10,36
24.29,25.978,1,10,37
24.29,25.852,1,10,38
24.29,25.7,1,10,38
24.33,25.736,1,10,40
24.33,25.7,1,10,40
24.36,25.7,1,10,41
24.41,25.68167,1,10,43
